Date,Close
1/4/2010 16:00:00,3560
1/5/2010 16:00:00,3560
1/6/2010 16:00:00,3640
1/7/2010 16:00:00,3650
1/8/2010 16:00:00,3660
1/11/2010 16:00:00,3620
1/12/2010 16:00:00,3610
1/13/2010 16:00:00,3550
1/14/2010 16:00:00,3580
1/15/2010 16:00:00,3570
1/19/2010 16:00:00,3610
1/20/2010 16:00:00,3580
1/21/2010 16:00:00,3540
1/22/2010 16:00:00,3440
1/25/2010 16:00:00,3370
1/27/2010 16:00:00,3290
1/28/2010 16:00:00,3460
1/29/2010 16:00:00,3440
2/1/2010 16:00:00,3340
2/2/2010 16:00:00,3300
2/3/2010 16:00:00,3380
2/4/2010 16:00:00,3370
2/5/2010 16:00:00,3230
2/8/2010 16:00:00,3110
2/9/2010 16:00:00,3110
2/10/2010 16:00:00,3080
2/11/2010 16:00:00,3110
2/12/2010 16:00:00,3160
2/15/2010 16:00:00,3160
2/16/2010 16:00:00,3240
2/17/2010 16:00:00,3260
2/18/2010 16:00:00,3220
2/19/2010 16:00:00,3180
2/22/2010 16:00:00,3180
2/23/2010 16:00:00,3220
2/24/2010 16:00:00,3190
2/25/2010 16:00:00,3120
3/1/2010 16:00:00,3160
3/2/2010 16:00:00,3130
3/3/2010 16:00:00,3150
3/4/2010 16:00:00,3100
3/5/2010 16:00:00,3120
3/8/2010 16:00:00,3190
3/9/2010 16:00:00,3200
3/10/2010 16:00:00,3220
3/11/2010 16:00:00,3210
3/12/2010 16:00:00,3200
3/15/2010 16:00:00,3160
3/17/2010 16:00:00,3210
3/18/2010 16:00:00,3250
3/19/2010 16:00:00,3270
3/22/2010 16:00:00,3200
3/23/2010 16:00:00,3230
3/24/2010 16:00:00,3270
3/25/2010 16:00:00,3420
3/26/2010 16:00:00,3560
3/29/2010 16:00:00,3470
3/30/2010 16:00:00,3440
3/31/2010 16:00:00,3480
4/1/2010 16:00:00,3610
4/6/2010 16:00:00,3600
4/7/2010 16:00:00,3610
4/8/2010 16:00:00,3490
4/9/2010 16:00:00,3530
4/12/2010 16:00:00,3550
4/14/2010 16:00:00,3640
4/15/2010 16:00:00,3630
4/16/2010 16:00:00,3590
4/19/2010 16:00:00,3480
4/20/2010 16:00:00,3520
4/21/2010 16:00:00,3580
4/22/2010 16:00:00,3590
4/23/2010 16:00:00,3600
4/26/2010 16:00:00,3660
4/27/2010 16:00:00,3790
4/28/2010 16:00:00,3790
4/29/2010 16:00:00,3800
4/30/2010 16:00:00,3720
5/3/2010 16:00:00,3680
5/4/2010 16:00:00,3680
5/5/2010 16:00:00,3590
5/6/2010 16:00:00,3590
5/7/2010 16:00:00,3440
5/12/2010 16:00:00,3680
5/14/2010 16:00:00,3640
5/17/2010 16:00:00,3570
5/18/2010 16:00:00,3610
5/19/2010 16:00:00,3410
5/20/2010 16:00:00,3310
5/21/2010 16:00:00,3250
5/24/2010 16:00:00,3230
5/25/2010 16:00:00,3140
5/26/2010 16:00:00,3380
5/27/2010 16:00:00,3390
5/31/2010 16:00:00,3490
6/1/2010 16:00:00,3370
6/2/2010 16:00:00,3410
6/3/2010 16:00:00,3460
6/4/2010 16:00:00,3420
6/7/2010 16:00:00,3290
6/8/2010 16:00:00,3260
6/9/2010 16:00:00,3250
6/10/2010 16:00:00,3230
6/11/2010 16:00:00,3280
6/14/2010 16:00:00,3320
6/15/2010 16:00:00,3270
6/16/2010 16:00:00,3310
6/17/2010 16:00:00,3320
6/18/2010 16:00:00,3350
6/21/2010 16:00:00,3440
6/22/2010 16:00:00,3410
6/23/2010 16:00:00,3410
6/24/2010 16:00:00,3470
6/25/2010 16:00:00,3480
6/28/2010 16:00:00,3510
6/29/2010 16:00:00,3400
6/30/2010 16:00:00,3450
7/1/2010 16:00:00,3340
7/2/2010 16:00:00,3380
7/5/2010 16:00:00,3410
7/6/2010 16:00:00,3470
7/7/2010 16:00:00,3470
7/8/2010 16:00:00,3450
7/9/2010 16:00:00,3470
7/12/2010 16:00:00,3450
7/13/2010 16:00:00,3430
7/14/2010 16:00:00,3430
7/15/2010 16:00:00,3410
7/16/2010 16:00:00,3420
7/19/2010 16:00:00,3330
7/20/2010 16:00:00,3340
7/21/2010 16:00:00,3310
7/22/2010 16:00:00,3300
7/23/2010 16:00:00,3300
7/26/2010 16:00:00,3300
7/27/2010 16:00:00,3360
7/28/2010 16:00:00,3400
7/29/2010 16:00:00,3370
7/30/2010 16:00:00,3340
8/2/2010 16:00:00,3350
8/3/2010 16:00:00,3260
8/4/2010 16:00:00,3240
8/5/2010 16:00:00,3270
8/6/2010 16:00:00,3270
8/9/2010 16:00:00,3260
8/10/2010 16:00:00,3250
8/11/2010 16:00:00,3230
8/12/2010 16:00:00,3220
8/13/2010 16:00:00,3270
8/16/2010 16:00:00,3290
8/18/2010 16:00:00,3320
8/19/2010 16:00:00,3320
8/20/2010 16:00:00,3270
8/23/2010 16:00:00,3310
8/24/2010 16:00:00,3270
8/25/2010 16:00:00,3340
8/26/2010 16:00:00,3590
8/27/2010 16:00:00,3570
8/30/2010 16:00:00,3540
8/31/2010 16:00:00,3500
9/1/2010 16:00:00,3620
9/2/2010 16:00:00,3550
9/3/2010 16:00:00,3630
9/6/2010 16:00:00,3690
9/7/2010 16:00:00,3690
9/16/2010 16:00:00,3780
9/17/2010 16:00:00,3700
9/20/2010 16:00:00,3630
9/21/2010 16:00:00,3760
9/22/2010 16:00:00,3760
9/23/2010 16:00:00,3880
9/24/2010 16:00:00,3980
9/27/2010 16:00:00,4000
9/28/2010 16:00:00,4050
9/29/2010 16:00:00,3940
9/30/2010 16:00:00,3890
10/1/2010 16:00:00,3950
10/4/2010 16:00:00,3980
10/5/2010 16:00:00,3980
10/6/2010 16:00:00,4030
10/7/2010 16:00:00,4050
10/8/2010 16:00:00,4140
10/11/2010 16:00:00,4170
10/12/2010 16:00:00,4150
10/13/2010 16:00:00,4120
10/14/2010 16:00:00,4040
10/15/2010 16:00:00,4080
10/18/2010 16:00:00,4110
10/19/2010 16:00:00,4060
10/20/2010 16:00:00,3960
10/21/2010 16:00:00,4010
10/22/2010 16:00:00,4020
10/25/2010 16:00:00,3980
10/26/2010 16:00:00,4000
10/27/2010 16:00:00,3920
10/28/2010 16:00:00,3870
10/29/2010 16:00:00,3930
11/1/2010 16:00:00,3910
11/2/2010 16:00:00,3870
11/3/2010 16:00:00,3740
11/4/2010 16:00:00,4020
11/5/2010 16:00:00,4070
11/8/2010 16:00:00,4150
11/9/2010 16:00:00,4290
11/10/2010 16:00:00,4360
11/11/2010 16:00:00,4250
11/12/2010 16:00:00,4080
11/15/2010 16:00:00,4040
11/16/2010 16:00:00,4050
11/18/2010 16:00:00,4150
11/19/2010 16:00:00,4230
11/22/2010 16:00:00,4190
11/23/2010 16:00:00,4080
11/24/2010 16:00:00,4050
11/25/2010 16:00:00,4050
11/26/2010 16:00:00,3990
11/29/2010 16:00:00,4000
11/30/2010 16:00:00,3740
12/1/2010 16:00:00,3970
12/2/2010 16:00:00,4250
12/3/2010 16:00:00,4310
12/6/2010 16:00:00,4480
12/8/2010 16:00:00,4480
12/9/2010 16:00:00,4400
12/10/2010 16:00:00,4400
12/13/2010 16:00:00,4440
12/14/2010 16:00:00,4230
12/15/2010 16:00:00,4140
12/16/2010 16:00:00,4090
12/17/2010 16:00:00,4170
12/20/2010 16:00:00,4260
12/21/2010 16:00:00,4340
12/22/2010 16:00:00,4330
12/23/2010 16:00:00,4240
12/27/2010 16:00:00,4330
12/28/2010 16:00:00,4400
12/29/2010 16:00:00,4530
12/30/2010 16:00:00,4590
1/3/2011 16:00:00,4790
1/4/2011 16:00:00,4980
1/5/2011 16:00:00,4840
1/6/2011 16:00:00,4640
1/7/2011 16:00:00,4560
1/10/2011 16:00:00,4510
1/11/2011 16:00:00,4420
1/12/2011 16:00:00,4620
1/13/2011 16:00:00,4700
1/14/2011 16:00:00,4670
1/17/2011 16:00:00,4580
1/18/2011 16:00:00,4590
1/19/2011 16:00:00,4600
1/20/2011 16:00:00,4390
1/21/2011 16:00:00,4110
1/24/2011 16:00:00,3940
1/25/2011 16:00:00,4020
1/26/2011 16:00:00,4020
1/27/2011 16:00:00,4060
1/28/2011 16:00:00,4030
1/31/2011 16:00:00,3950
2/1/2011 16:00:00,4060
2/2/2011 16:00:00,4060
2/4/2011 16:00:00,4060
2/7/2011 16:00:00,4030
2/8/2011 16:00:00,4050
2/9/2011 16:00:00,3980
2/10/2011 16:00:00,3860
2/11/2011 16:00:00,3880
2/14/2011 16:00:00,3940
2/16/2011 16:00:00,3870
2/17/2011 16:00:00,3870
2/18/2011 16:00:00,3930
2/21/2011 16:00:00,3940
2/22/2011 16:00:00,3920
2/23/2011 16:00:00,4040
2/24/2011 16:00:00,4000
2/25/2011 16:00:00,4000
2/28/2011 16:00:00,4010
3/2/2011 16:00:00,3990
3/3/2011 16:00:00,3970
3/4/2011 16:00:00,3990
3/7/2011 16:00:00,4000
3/8/2011 16:00:00,4110
3/9/2011 16:00:00,4060
3/10/2011 16:00:00,4110
3/11/2011 16:00:00,4090
3/14/2011 16:00:00,4150
3/15/2011 16:00:00,4130
3/16/2011 16:00:00,4120
3/17/2011 16:00:00,4070
3/18/2011 16:00:00,4080
3/21/2011 16:00:00,4120
3/23/2011 16:00:00,4220
3/24/2011 16:00:00,4220
3/25/2011 16:00:00,4190
3/28/2011 16:00:00,4130
3/29/2011 16:00:00,4220
3/30/2011 16:00:00,4290
3/31/2011 16:00:00,4200
4/1/2011 16:00:00,4390
4/4/2011 16:00:00,4490
4/5/2011 16:00:00,4460
4/6/2011 16:00:00,4500
4/7/2011 16:00:00,4490
4/8/2011 16:00:00,4480
4/11/2011 16:00:00,4480
4/12/2011 16:00:00,4410
4/13/2011 16:00:00,4420
4/14/2011 16:00:00,4460
4/15/2011 16:00:00,4510
4/18/2011 16:00:00,4460
4/19/2011 16:00:00,4420
4/20/2011 16:00:00,4440
4/21/2011 16:00:00,4440
4/26/2011 16:00:00,4440
4/27/2011 16:00:00,4480
4/28/2011 16:00:00,4480
4/29/2011 16:00:00,4460
5/2/2011 16:00:00,4470
5/3/2011 16:00:00,4440
5/4/2011 16:00:00,4470
5/5/2011 16:00:00,4420
5/6/2011 16:00:00,4350
5/9/2011 16:00:00,4350
5/10/2011 16:00:00,4370
5/11/2011 16:00:00,4360
5/12/2011 16:00:00,4300
5/13/2011 16:00:00,4280
5/16/2011 16:00:00,4160
5/18/2011 16:00:00,4180
5/19/2011 16:00:00,4210
5/20/2011 16:00:00,4210
5/23/2011 16:00:00,4180
5/24/2011 16:00:00,4250
5/25/2011 16:00:00,4240
5/26/2011 16:00:00,4320
5/27/2011 16:00:00,4320
5/30/2011 16:00:00,4290
5/31/2011 16:00:00,4250
6/1/2011 16:00:00,4280
6/3/2011 16:00:00,4250
6/6/2011 16:00:00,4280
6/7/2011 16:00:00,4230
6/8/2011 16:00:00,4200
6/9/2011 16:00:00,4190
6/10/2011 16:00:00,4180
6/13/2011 16:00:00,4190
6/14/2011 16:00:00,4200
6/15/2011 16:00:00,4200
6/16/2011 16:00:00,4170
6/17/2011 16:00:00,4160
6/20/2011 16:00:00,4110
6/21/2011 16:00:00,4180
6/22/2011 16:00:00,4150
6/23/2011 16:00:00,4100
6/24/2011 16:00:00,4130
6/27/2011 16:00:00,4120
6/28/2011 16:00:00,4110
6/30/2011 16:00:00,4160
7/1/2011 16:00:00,4240
7/5/2011 16:00:00,4190
7/6/2011 16:00:00,4200
7/7/2011 16:00:00,4220
7/8/2011 16:00:00,4300
7/11/2011 16:00:00,4280
7/12/2011 16:00:00,4230
7/13/2011 16:00:00,4230
7/14/2011 16:00:00,4230
7/15/2011 16:00:00,4170
7/18/2011 16:00:00,4180
7/19/2011 16:00:00,4180
7/20/2011 16:00:00,4190
7/21/2011 16:00:00,4210
7/22/2011 16:00:00,4240
7/25/2011 16:00:00,4180
7/26/2011 16:00:00,4210
7/27/2011 16:00:00,4300
7/28/2011 16:00:00,4280
7/29/2011 16:00:00,4260
8/1/2011 16:00:00,4280
8/2/2011 16:00:00,4280
8/3/2011 16:00:00,4250
8/4/2011 16:00:00,4170
8/5/2011 16:00:00,3940
8/9/2011 16:00:00,3570
8/10/2011 16:00:00,3740
8/11/2011 16:00:00,3760
8/12/2011 16:00:00,3770
8/15/2011 16:00:00,3820
8/18/2011 16:00:00,3940
8/19/2011 16:00:00,3760
8/22/2011 16:00:00,3870
8/23/2011 16:00:00,3920
8/24/2011 16:00:00,3850
8/25/2011 16:00:00,3860
8/26/2011 16:00:00,3810
9/5/2011 16:00:00,3840
9/6/2011 16:00:00,3850
9/7/2011 16:00:00,3930
9/8/2011 16:00:00,3960
9/9/2011 16:00:00,3940
9/12/2011 16:00:00,3850
9/13/2011 16:00:00,3760
9/14/2011 16:00:00,3680
9/15/2011 16:00:00,3560
9/16/2011 16:00:00,3590
9/19/2011 16:00:00,3520
9/20/2011 16:00:00,3460
9/21/2011 16:00:00,3420
9/22/2011 16:00:00,3120
9/23/2011 16:00:00,3150
9/26/2011 16:00:00,2950
9/27/2011 16:00:00,3090
9/28/2011 16:00:00,3220
9/29/2011 16:00:00,3260
9/30/2011 16:00:00,3360
10/3/2011 16:00:00,3140
10/4/2011 16:00:00,2880
10/5/2011 16:00:00,2790
10/6/2011 16:00:00,2880
10/7/2011 16:00:00,2800
10/10/2011 16:00:00,2770
10/11/2011 16:00:00,3020
10/12/2011 16:00:00,3240
10/13/2011 16:00:00,3480
10/14/2011 16:00:00,3420
10/17/2011 16:00:00,3550
10/18/2011 16:00:00,3400
10/19/2011 16:00:00,3480
10/20/2011 16:00:00,3380
10/21/2011 16:00:00,3360
10/24/2011 16:00:00,3460
10/25/2011 16:00:00,3470
10/26/2011 16:00:00,3450
10/27/2011 16:00:00,3640
10/28/2011 16:00:00,3760
10/31/2011 16:00:00,3670
11/1/2011 16:00:00,3550
11/2/2011 16:00:00,3640
11/3/2011 16:00:00,3580
11/4/2011 16:00:00,3630
11/7/2011 16:00:00,3540
11/8/2011 16:00:00,3610
11/9/2011 16:00:00,3680
11/10/2011 16:00:00,3550
11/11/2011 16:00:00,3540
11/14/2011 16:00:00,3590
11/15/2011 16:00:00,3580
11/16/2011 16:00:00,3550
11/17/2011 16:00:00,3560
11/18/2011 16:00:00,3570
11/21/2011 16:00:00,3500
11/22/2011 16:00:00,3520
11/23/2011 16:00:00,3400
11/24/2011 16:00:00,3370
11/25/2011 16:00:00,3330
11/28/2011 16:00:00,3350
11/29/2011 16:00:00,3360
11/30/2011 16:00:00,3400
12/2/2011 16:00:00,3520
12/5/2011 16:00:00,3470
12/6/2011 16:00:00,3440
12/7/2011 16:00:00,3430
12/8/2011 16:00:00,3410
12/9/2011 16:00:00,3380
12/12/2011 16:00:00,3440
12/13/2011 16:00:00,3410
12/14/2011 16:00:00,3380
12/15/2011 16:00:00,3320
12/16/2011 16:00:00,3330
12/19/2011 16:00:00,3300
12/20/2011 16:00:00,3300
12/21/2011 16:00:00,3300
12/22/2011 16:00:00,3400
12/23/2011 16:00:00,3440
12/27/2011 16:00:00,3470
12/28/2011 16:00:00,3430
12/29/2011 16:00:00,3460
12/30/2011 16:00:00,3470
1/2/2012 16:00:00,3470
1/3/2012 16:00:00,3680
1/4/2012 16:00:00,3670
1/5/2012 16:00:00,3690
1/6/2012 16:00:00,3630
1/9/2012 16:00:00,3660
1/10/2012 16:00:00,3810
1/11/2012 16:00:00,3850
1/12/2012 16:00:00,3870
1/13/2012 16:00:00,3850
1/16/2012 16:00:00,3880
1/17/2012 16:00:00,3930
1/18/2012 16:00:00,3910
1/19/2012 16:00:00,3950
1/20/2012 16:00:00,3950
1/24/2012 16:00:00,3990
1/25/2012 16:00:00,3940
1/26/2012 16:00:00,4000
1/27/2012 16:00:00,4030
1/31/2012 16:00:00,4030
2/1/2012 16:00:00,4040
2/2/2012 16:00:00,4050
2/3/2012 16:00:00,4100
2/6/2012 16:00:00,4060
2/7/2012 16:00:00,4040
2/8/2012 16:00:00,4140
2/9/2012 16:00:00,4190
2/10/2012 16:00:00,4190
2/13/2012 16:00:00,4200
2/14/2012 16:00:00,4190
2/15/2012 16:00:00,4200
2/16/2012 16:00:00,4190
2/17/2012 16:00:00,4200
2/20/2012 16:00:00,4150
2/21/2012 16:00:00,4160
2/22/2012 16:00:00,4200
2/23/2012 16:00:00,4160
2/24/2012 16:00:00,4150
2/27/2012 16:00:00,4140
2/28/2012 16:00:00,4110
2/29/2012 16:00:00,4150
3/1/2012 16:00:00,4130
3/2/2012 16:00:00,4170
3/5/2012 16:00:00,4180
3/8/2012 16:00:00,4180
3/9/2012 16:00:00,4140
3/12/2012 16:00:00,4170
3/13/2012 16:00:00,4160
3/14/2012 16:00:00,4160
3/15/2012 16:00:00,4080
3/16/2012 16:00:00,4020
3/19/2012 16:00:00,4110
3/20/2012 16:00:00,4090
3/21/2012 16:00:00,4050
3/22/2012 16:00:00,4060
3/26/2012 16:00:00,4060
3/27/2012 16:00:00,4110
3/28/2012 16:00:00,4100
3/29/2012 16:00:00,4080
3/30/2012 16:00:00,4100
4/2/2012 16:00:00,4080
4/4/2012 16:00:00,4020
4/5/2012 16:00:00,4070
4/9/2012 16:00:00,4060
4/10/2012 16:00:00,4050
4/11/2012 16:00:00,3840
4/12/2012 16:00:00,3790
4/13/2012 16:00:00,3780
4/16/2012 16:00:00,3800
4/17/2012 16:00:00,3860
4/18/2012 16:00:00,3860
4/19/2012 16:00:00,3820
4/20/2012 16:00:00,3850
4/23/2012 16:00:00,3810
4/24/2012 16:00:00,3740
4/25/2012 16:00:00,3710
4/26/2012 16:00:00,3600
4/27/2012 16:00:00,3630
4/30/2012 16:00:00,3690
5/2/2012 16:00:00,3640
5/3/2012 16:00:00,3660
5/4/2012 16:00:00,3650
5/7/2012 16:00:00,3510
5/8/2012 16:00:00,3570
5/9/2012 16:00:00,3470
5/10/2012 16:00:00,3410
5/11/2012 16:00:00,3250
5/14/2012 16:00:00,3250
5/15/2012 16:00:00,3300
5/16/2012 16:00:00,3290
5/21/2012 16:00:00,3270
5/22/2012 16:00:00,3400
5/23/2012 16:00:00,3300
5/24/2012 16:00:00,3380
5/25/2012 16:00:00,3240
5/28/2012 16:00:00,3260
5/29/2012 16:00:00,3260
5/30/2012 16:00:00,3190
5/31/2012 16:00:00,3000
6/1/2012 16:00:00,3000
6/4/2012 16:00:00,2650
6/5/2012 16:00:00,2630
6/6/2012 16:00:00,2740
6/7/2012 16:00:00,2710
6/8/2012 16:00:00,2740
6/11/2012 16:00:00,2790
6/12/2012 16:00:00,2670
6/13/2012 16:00:00,2650
6/14/2012 16:00:00,2650
6/15/2012 16:00:00,2670
6/19/2012 16:00:00,2800
6/20/2012 16:00:00,2980
6/21/2012 16:00:00,2950
6/22/2012 16:00:00,2860
6/26/2012 16:00:00,2910
6/27/2012 16:00:00,3000
6/28/2012 16:00:00,2900
6/29/2012 16:00:00,2930
7/2/2012 16:00:00,3040
7/3/2012 16:00:00,3080
7/4/2012 16:00:00,3270
7/5/2012 16:00:00,3210
7/6/2012 16:00:00,3210
7/9/2012 16:00:00,3100
7/10/2012 16:00:00,3090
7/11/2012 16:00:00,3090
7/12/2012 16:00:00,2980
7/13/2012 16:00:00,2940
7/16/2012 16:00:00,3000
7/17/2012 16:00:00,3120
7/18/2012 16:00:00,3120
7/19/2012 16:00:00,3170
7/20/2012 16:00:00,3150
7/23/2012 16:00:00,3070
7/24/2012 16:00:00,3080
7/25/2012 16:00:00,3060
7/26/2012 16:00:00,3080
7/27/2012 16:00:00,3100
7/30/2012 16:00:00,3120
7/31/2012 16:00:00,3180
8/1/2012 16:00:00,3170
8/2/2012 16:00:00,3060
8/3/2012 16:00:00,3030
8/6/2012 16:00:00,3050
8/7/2012 16:00:00,2990
8/8/2012 16:00:00,3000
8/9/2012 16:00:00,3000
8/10/2012 16:00:00,3000
8/13/2012 16:00:00,2990
8/14/2012 16:00:00,2980
8/15/2012 16:00:00,2990
8/16/2012 16:00:00,3020
8/23/2012 16:00:00,3030
8/24/2012 16:00:00,2990
8/27/2012 16:00:00,3000
8/28/2012 16:00:00,2980
8/29/2012 16:00:00,2920
8/30/2012 16:00:00,2800
8/31/2012 16:00:00,2920
9/3/2012 16:00:00,2930
9/4/2012 16:00:00,2850
9/5/2012 16:00:00,2770
9/6/2012 16:00:00,2780
9/7/2012 16:00:00,2850
9/10/2012 16:00:00,2850
9/11/2012 16:00:00,2890
9/12/2012 16:00:00,2910
9/13/2012 16:00:00,2930
9/14/2012 16:00:00,3130
9/17/2012 16:00:00,3320
9/18/2012 16:00:00,3240
9/19/2012 16:00:00,3330
9/20/2012 16:00:00,3260
9/21/2012 16:00:00,3250
9/24/2012 16:00:00,3250
9/25/2012 16:00:00,3250
9/26/2012 16:00:00,3230
9/27/2012 16:00:00,3230
9/28/2012 16:00:00,3240
10/1/2012 16:00:00,3340
10/2/2012 16:00:00,3360
10/3/2012 16:00:00,3330
10/4/2012 16:00:00,3320
10/5/2012 16:00:00,3350
10/8/2012 16:00:00,3320
10/9/2012 16:00:00,3330
10/10/2012 16:00:00,3310
10/11/2012 16:00:00,3300
10/12/2012 16:00:00,3270
10/15/2012 16:00:00,3210
10/16/2012 16:00:00,3220
10/17/2012 16:00:00,3240
10/18/2012 16:00:00,3260
10/19/2012 16:00:00,3240
10/22/2012 16:00:00,3280
10/23/2012 16:00:00,3240
10/24/2012 16:00:00,3230
10/25/2012 16:00:00,3220
10/29/2012 16:00:00,3130
10/30/2012 16:00:00,3170
10/31/2012 16:00:00,3200
11/1/2012 16:00:00,3200
11/2/2012 16:00:00,3280
11/5/2012 16:00:00,3240
11/6/2012 16:00:00,3290
11/7/2012 16:00:00,3330
11/8/2012 16:00:00,3300
11/9/2012 16:00:00,3230
11/12/2012 16:00:00,3200
11/13/2012 16:00:00,3190
11/14/2012 16:00:00,3240
11/19/2012 16:00:00,3120
11/20/2012 16:00:00,3130
11/21/2012 16:00:00,3160
11/22/2012 16:00:00,3230
11/23/2012 16:00:00,3230
11/26/2012 16:00:00,3270
11/27/2012 16:00:00,3200
11/28/2012 16:00:00,3010
11/29/2012 16:00:00,2860
11/30/2012 16:00:00,2800
12/3/2012 16:00:00,2780
12/4/2012 16:00:00,2790
12/5/2012 16:00:00,2770
12/6/2012 16:00:00,2810
12/7/2012 16:00:00,2760
12/10/2012 16:00:00,2790
12/11/2012 16:00:00,2990
12/12/2012 16:00:00,3170
12/13/2012 16:00:00,3110
12/14/2012 16:00:00,3040
12/17/2012 16:00:00,3140
12/18/2012 16:00:00,3060
12/19/2012 16:00:00,3050
12/20/2012 16:00:00,3000
12/21/2012 16:00:00,2920
12/26/2012 16:00:00,2970
12/27/2012 16:00:00,3000
12/28/2012 16:00:00,3020
1/2/2013 16:00:00,3310
1/3/2013 16:00:00,3380
1/4/2013 16:00:00,3360
1/7/2013 16:00:00,3330
1/8/2013 16:00:00,3310
1/9/2013 16:00:00,3160
1/10/2013 16:00:00,3230
1/11/2013 16:00:00,3140
1/14/2013 16:00:00,3300
1/15/2013 16:00:00,3290
1/16/2013 16:00:00,3280
1/17/2013 16:00:00,3230
1/18/2013 16:00:00,3280
1/21/2013 16:00:00,3200
1/23/2013 16:00:00,3120
1/25/2013 16:00:00,3140
1/28/2013 16:00:00,3120
1/29/2013 16:00:00,3160
1/30/2013 16:00:00,3110
1/31/2013 16:00:00,3100
2/1/2013 16:00:00,3100
2/4/2013 16:00:00,3120
2/5/2013 16:00:00,3120
2/6/2013 16:00:00,3080
2/7/2013 16:00:00,3070
2/8/2013 16:00:00,3060
2/11/2013 16:00:00,3080
2/12/2013 16:00:00,3140
2/13/2013 16:00:00,3120
2/14/2013 16:00:00,3090
2/15/2013 16:00:00,3120
2/18/2013 16:00:00,3080
2/19/2013 16:00:00,3010
2/20/2013 16:00:00,3080
2/21/2013 16:00:00,3030
2/22/2013 16:00:00,3030
2/25/2013 16:00:00,3000
2/26/2013 16:00:00,2960
2/27/2013 16:00:00,3010
2/28/2013 16:00:00,3020
3/1/2013 16:00:00,2980
3/4/2013 16:00:00,2940
3/5/2013 16:00:00,2910
3/6/2013 16:00:00,2980
3/7/2013 16:00:00,2950
3/8/2013 16:00:00,3090
3/11/2013 16:00:00,3070
3/13/2013 16:00:00,3080
3/14/2013 16:00:00,3010
3/15/2013 16:00:00,3090
3/18/2013 16:00:00,3000
3/19/2013 16:00:00,2990
3/20/2013 16:00:00,2950
3/21/2013 16:00:00,2760
3/22/2013 16:00:00,2700
3/25/2013 16:00:00,2840
3/26/2013 16:00:00,2880
3/27/2013 16:00:00,2930
3/28/2013 16:00:00,2880
4/1/2013 16:00:00,3040
4/2/2013 16:00:00,3030
4/3/2013 16:00:00,3060
4/4/2013 16:00:00,3070
4/5/2013 16:00:00,3010
4/8/2013 16:00:00,3050
4/9/2013 16:00:00,3060
4/10/2013 16:00:00,3090
4/11/2013 16:00:00,3080
4/12/2013 16:00:00,3080
4/15/2013 16:00:00,3030
4/16/2013 16:00:00,3060
4/17/2013 16:00:00,3070
4/18/2013 16:00:00,3090
4/19/2013 16:00:00,3050
4/22/2013 16:00:00,3060
4/23/2013 16:00:00,3040
4/24/2013 16:00:00,3010
4/25/2013 16:00:00,3000
4/26/2013 16:00:00,3020
4/29/2013 16:00:00,3030
4/30/2013 16:00:00,3050
5/1/2013 16:00:00,3050
5/2/2013 16:00:00,2960
5/3/2013 16:00:00,2900
5/6/2013 16:00:00,2990
5/7/2013 16:00:00,2970
5/8/2013 16:00:00,2960
5/10/2013 16:00:00,2900
5/13/2013 16:00:00,2870
5/14/2013 16:00:00,2830
5/15/2013 16:00:00,2800
5/16/2013 16:00:00,2880
5/17/2013 16:00:00,3130
5/20/2013 16:00:00,3110
5/21/2013 16:00:00,3000
5/22/2013 16:00:00,2990
5/23/2013 16:00:00,2780
5/24/2013 16:00:00,2780
5/27/2013 16:00:00,2700
5/28/2013 16:00:00,2620
5/29/2013 16:00:00,2580
5/30/2013 16:00:00,2500
5/31/2013 16:00:00,2440
6/3/2013 16:00:00,2390
6/4/2013 16:00:00,2530
6/5/2013 16:00:00,2650
6/7/2013 16:00:00,2650
6/10/2013 16:00:00,2550
6/11/2013 16:00:00,2370
6/12/2013 16:00:00,2310
6/13/2013 16:00:00,2370
6/14/2013 16:00:00,2500
6/17/2013 16:00:00,2380
6/18/2013 16:00:00,2380
6/19/2013 16:00:00,2420
6/20/2013 16:00:00,2540
6/21/2013 16:00:00,2440
6/24/2013 16:00:00,2270
6/25/2013 16:00:00,2340
6/26/2013 16:00:00,2400
6/27/2013 16:00:00,2530
6/28/2013 16:00:00,2660
7/1/2013 16:00:00,2620
7/2/2013 16:00:00,2640
7/3/2013 16:00:00,2480
7/4/2013 16:00:00,2430
7/5/2013 16:00:00,2510
7/8/2013 16:00:00,2430
7/9/2013 16:00:00,2390
7/10/2013 16:00:00,2430
7/11/2013 16:00:00,2500
7/12/2013 16:00:00,2360
7/15/2013 16:00:00,2450
7/16/2013 16:00:00,2460
7/17/2013 16:00:00,2300
7/18/2013 16:00:00,2300
7/19/2013 16:00:00,2310
7/22/2013 16:00:00,2300
7/23/2013 16:00:00,2380
7/24/2013 16:00:00,2310
7/25/2013 16:00:00,2280
7/26/2013 16:00:00,2170
7/29/2013 16:00:00,2050
7/30/2013 16:00:00,2060
7/31/2013 16:00:00,1990
8/1/2013 16:00:00,2050
8/2/2013 16:00:00,2000
8/12/2013 16:00:00,2190
8/13/2013 16:00:00,2270
8/14/2013 16:00:00,2390
8/15/2013 16:00:00,2330
8/16/2013 16:00:00,2360
8/19/2013 16:00:00,2140
8/20/2013 16:00:00,2010
8/21/2013 16:00:00,2040
8/22/2013 16:00:00,2400
8/23/2013 16:00:00,2450
8/26/2013 16:00:00,2490
8/27/2013 16:00:00,2490
8/28/2013 16:00:00,2480
8/29/2013 16:00:00,2390
8/30/2013 16:00:00,2420
9/2/2013 16:00:00,2550
9/3/2013 16:00:00,2720
9/4/2013 16:00:00,2720
9/5/2013 16:00:00,2760
9/6/2013 16:00:00,2760
9/9/2013 16:00:00,2790
9/10/2013 16:00:00,2520
9/11/2013 16:00:00,2630
9/12/2013 16:00:00,2630
9/13/2013 16:00:00,2580
9/16/2013 16:00:00,2600
9/17/2013 16:00:00,2670
9/18/2013 16:00:00,2620
9/19/2013 16:00:00,2770
9/20/2013 16:00:00,2770
9/23/2013 16:00:00,2800
9/24/2013 16:00:00,2640
9/25/2013 16:00:00,2600
9/26/2013 16:00:00,2560
9/27/2013 16:00:00,2570
9/30/2013 16:00:00,2550
10/1/2013 16:00:00,2480
10/2/2013 16:00:00,2440
10/3/2013 16:00:00,2470
10/4/2013 16:00:00,2470
10/7/2013 16:00:00,2510
10/8/2013 16:00:00,2530
10/9/2013 16:00:00,2620
10/10/2013 16:00:00,2640
10/11/2013 16:00:00,2710
10/16/2013 16:00:00,2680
10/17/2013 16:00:00,2780
10/18/2013 16:00:00,2800
10/21/2013 16:00:00,2740
10/22/2013 16:00:00,2770
10/23/2013 16:00:00,2730
10/24/2013 16:00:00,2700
10/25/2013 16:00:00,2660
10/28/2013 16:00:00,2630
10/29/2013 16:00:00,2590
10/30/2013 16:00:00,2530
10/31/2013 16:00:00,2430
11/1/2013 16:00:00,2320
11/4/2013 16:00:00,2310
11/6/2013 16:00:00,2320
11/7/2013 16:00:00,2420
11/8/2013 16:00:00,2440
11/11/2013 16:00:00,2510
11/12/2013 16:00:00,2450
11/13/2013 16:00:00,2390
11/14/2013 16:00:00,2390
11/15/2013 16:00:00,2340
11/18/2013 16:00:00,2430
11/19/2013 16:00:00,2390
11/20/2013 16:00:00,2360
11/21/2013 16:00:00,2330
11/22/2013 16:00:00,2320
11/25/2013 16:00:00,2420
11/26/2013 16:00:00,2430
11/27/2013 16:00:00,2380
11/28/2013 16:00:00,2360
11/29/2013 16:00:00,2400
12/2/2013 16:00:00,2400
12/3/2013 16:00:00,2340
12/4/2013 16:00:00,2340
12/5/2013 16:00:00,2350
12/6/2013 16:00:00,2330
12/9/2013 16:00:00,2320
12/10/2013 16:00:00,2310
12/11/2013 16:00:00,2350
12/12/2013 16:00:00,2320
12/13/2013 16:00:00,2330
12/16/2013 16:00:00,2250
12/17/2013 16:00:00,2240
12/18/2013 16:00:00,2250
12/19/2013 16:00:00,2220
12/20/2013 16:00:00,2120
12/23/2013 16:00:00,2070
12/24/2013 16:00:00,2060
12/27/2013 16:00:00,2040
12/30/2013 16:00:00,2040
1/2/2014 16:00:00,2080
1/3/2014 16:00:00,2000
1/6/2014 16:00:00,1860
1/7/2014 16:00:00,1825
1/8/2014 16:00:00,1875
1/9/2014 16:00:00,1840
1/10/2014 16:00:00,1835
1/13/2014 16:00:00,1830
1/15/2014 16:00:00,1850
1/16/2014 16:00:00,1830
1/17/2014 16:00:00,1895
1/20/2014 16:00:00,1925
1/21/2014 16:00:00,1940
1/22/2014 16:00:00,1990
1/23/2014 16:00:00,1950
1/24/2014 16:00:00,1920
1/27/2014 16:00:00,1860
1/28/2014 16:00:00,1860
1/29/2014 16:00:00,1890
1/30/2014 16:00:00,1850
2/3/2014 16:00:00,1850
2/4/2014 16:00:00,1825
2/5/2014 16:00:00,1855
2/6/2014 16:00:00,1930
2/7/2014 16:00:00,1925
2/10/2014 16:00:00,1920
2/11/2014 16:00:00,1930
2/12/2014 16:00:00,1920
2/13/2014 16:00:00,1870
2/14/2014 16:00:00,1855
2/17/2014 16:00:00,1850
2/18/2014 16:00:00,1860
2/19/2014 16:00:00,1870
2/20/2014 16:00:00,1860
2/21/2014 16:00:00,1865
2/24/2014 16:00:00,1845
2/25/2014 16:00:00,1830
2/26/2014 16:00:00,1840
2/27/2014 16:00:00,1870
2/28/2014 16:00:00,1915
3/3/2014 16:00:00,1870
3/4/2014 16:00:00,1905
3/5/2014 16:00:00,1905
3/6/2014 16:00:00,1905
3/7/2014 16:00:00,1885
3/10/2014 16:00:00,1905
3/11/2014 16:00:00,1910
3/12/2014 16:00:00,1855
3/13/2014 16:00:00,1875
3/14/2014 16:00:00,1850
3/18/2014 16:00:00,1855
3/19/2014 16:00:00,1875
3/20/2014 16:00:00,1830
3/21/2014 16:00:00,1870
3/24/2014 16:00:00,1855
3/25/2014 16:00:00,1840
3/26/2014 16:00:00,1840
3/27/2014 16:00:00,1870
3/28/2014 16:00:00,1865
4/1/2014 16:00:00,1890
4/2/2014 16:00:00,1890
4/3/2014 16:00:00,1885
4/4/2014 16:00:00,1865
4/7/2014 16:00:00,1880
4/8/2014 16:00:00,1880
4/10/2014 16:00:00,1865
4/11/2014 16:00:00,1940
4/14/2014 16:00:00,1950
4/15/2014 16:00:00,1915
4/16/2014 16:00:00,1925
4/17/2014 16:00:00,1940
4/21/2014 16:00:00,1945
4/22/2014 16:00:00,1990
4/23/2014 16:00:00,2040
4/24/2014 16:00:00,2015
4/25/2014 16:00:00,2030
4/28/2014 16:00:00,2035
4/29/2014 16:00:00,1960
4/30/2014 16:00:00,1975
5/2/2014 16:00:00,1960
5/5/2014 16:00:00,1935
5/6/2014 16:00:00,1945
5/7/2014 16:00:00,1945
5/8/2014 16:00:00,1950
5/9/2014 16:00:00,1945
5/12/2014 16:00:00,2030
5/13/2014 16:00:00,2075
5/14/2014 16:00:00,2115
5/16/2014 16:00:00,2165
5/19/2014 16:00:00,2185
5/20/2014 16:00:00,2105
5/21/2014 16:00:00,2195
5/22/2014 16:00:00,2280
5/23/2014 16:00:00,2315
5/26/2014 16:00:00,2290
5/28/2014 16:00:00,2230
5/30/2014 16:00:00,2140
6/2/2014 16:00:00,2205
6/3/2014 16:00:00,2255
6/4/2014 16:00:00,2230
6/5/2014 16:00:00,2280
6/6/2014 16:00:00,2280
6/9/2014 16:00:00,2210
6/10/2014 16:00:00,2225
6/11/2014 16:00:00,2250
6/12/2014 16:00:00,2200
6/13/2014 16:00:00,2180
6/16/2014 16:00:00,2095
6/17/2014 16:00:00,2165
6/18/2014 16:00:00,2105
6/19/2014 16:00:00,2160
6/20/2014 16:00:00,2120
6/23/2014 16:00:00,2145
6/24/2014 16:00:00,2085
6/25/2014 16:00:00,2060
6/26/2014 16:00:00,2110
6/27/2014 16:00:00,2125
6/30/2014 16:00:00,2145
7/1/2014 16:00:00,2110
7/2/2014 16:00:00,2150
7/3/2014 16:00:00,2145
7/4/2014 16:00:00,2130
7/7/2014 16:00:00,2240
7/8/2014 16:00:00,2225
7/10/2014 16:00:00,2245
7/11/2014 16:00:00,2150
7/14/2014 16:00:00,2150
7/15/2014 16:00:00,2150
7/16/2014 16:00:00,2160
7/17/2014 16:00:00,2100
7/18/2014 16:00:00,2115
7/21/2014 16:00:00,2190
7/22/2014 16:00:00,2130
7/23/2014 16:00:00,2150
7/24/2014 16:00:00,2225
7/25/2014 16:00:00,2330
8/4/2014 16:00:00,2500
8/5/2014 16:00:00,2540
8/6/2014 16:00:00,2500
8/7/2014 16:00:00,2575
8/8/2014 16:00:00,2590
8/11/2014 16:00:00,2520
8/12/2014 16:00:00,2480
8/13/2014 16:00:00,2540
8/14/2014 16:00:00,2580
8/15/2014 16:00:00,2555
8/18/2014 16:00:00,2755
8/19/2014 16:00:00,2720
8/20/2014 16:00:00,2730
8/21/2014 16:00:00,2680
8/22/2014 16:00:00,2725
8/25/2014 16:00:00,2655
8/26/2014 16:00:00,2655
8/27/2014 16:00:00,2715
8/28/2014 16:00:00,2720
8/29/2014 16:00:00,2670
9/1/2014 16:00:00,2685
9/2/2014 16:00:00,2710
9/3/2014 16:00:00,2780
9/4/2014 16:00:00,2785
9/5/2014 16:00:00,2775
9/8/2014 16:00:00,2795
9/9/2014 16:00:00,2700
9/10/2014 16:00:00,2615
9/11/2014 16:00:00,2580
9/12/2014 16:00:00,2655
9/15/2014 16:00:00,2625
9/16/2014 16:00:00,2560
9/17/2014 16:00:00,2595
9/18/2014 16:00:00,2595
9/19/2014 16:00:00,2580
9/22/2014 16:00:00,2565
9/23/2014 16:00:00,2675
9/24/2014 16:00:00,2630
9/25/2014 16:00:00,2690
9/26/2014 16:00:00,2620
9/29/2014 16:00:00,2665
9/30/2014 16:00:00,2640
10/1/2014 16:00:00,2600
10/2/2014 16:00:00,2575
10/3/2014 16:00:00,2575
10/6/2014 16:00:00,2560
10/7/2014 16:00:00,2660
10/8/2014 16:00:00,2660
10/9/2014 16:00:00,2600
10/10/2014 16:00:00,2560
10/13/2014 16:00:00,2435
10/14/2014 16:00:00,2395
10/15/2014 16:00:00,2275
10/16/2014 16:00:00,2395
10/17/2014 16:00:00,2530
10/20/2014 16:00:00,2460
10/21/2014 16:00:00,2415
10/22/2014 16:00:00,2500
10/23/2014 16:00:00,2490
10/24/2014 16:00:00,2455
10/27/2014 16:00:00,2465
10/28/2014 16:00:00,2375
10/29/2014 16:00:00,2510
10/30/2014 16:00:00,2525
10/31/2014 16:00:00,2590
11/3/2014 16:00:00,2560
11/4/2014 16:00:00,2535
11/5/2014 16:00:00,2535
11/6/2014 16:00:00,2515
11/7/2014 16:00:00,2510
11/10/2014 16:00:00,2530
11/11/2014 16:00:00,2575
11/12/2014 16:00:00,2520
11/13/2014 16:00:00,2470
11/14/2014 16:00:00,2395
11/17/2014 16:00:00,2460
11/18/2014 16:00:00,2470
11/19/2014 16:00:00,2460
11/20/2014 16:00:00,2490
11/21/2014 16:00:00,2560
11/24/2014 16:00:00,2660
11/25/2014 16:00:00,2590
11/26/2014 16:00:00,2640
11/27/2014 16:00:00,2675
11/28/2014 16:00:00,2630
12/1/2014 16:00:00,2620
12/2/2014 16:00:00,2565
12/3/2014 16:00:00,2580
12/4/2014 16:00:00,2700
12/5/2014 16:00:00,2675
12/8/2014 16:00:00,2620
12/9/2014 16:00:00,2650
12/10/2014 16:00:00,2630
12/11/2014 16:00:00,2660
12/12/2014 16:00:00,2590
12/15/2014 16:00:00,2555
12/16/2014 16:00:00,2480
12/17/2014 16:00:00,2590
12/18/2014 16:00:00,2670
12/19/2014 16:00:00,2600
12/22/2014 16:00:00,2550
12/23/2014 16:00:00,2505
12/24/2014 16:00:00,2525
12/29/2014 16:00:00,2505
12/30/2014 16:00:00,2500
1/2/2015 16:00:00,2475
1/5/2015 16:00:00,2470
1/6/2015 16:00:00,2415
1/7/2015 16:00:00,2420
1/8/2015 16:00:00,2360
1/9/2015 16:00:00,2360
1/12/2015 16:00:00,2305
1/13/2015 16:00:00,2240
1/14/2015 16:00:00,2240
1/15/2015 16:00:00,2240
1/16/2015 16:00:00,2145
1/19/2015 16:00:00,2080
1/20/2015 16:00:00,2145
1/21/2015 16:00:00,2230
1/22/2015 16:00:00,2350
1/23/2015 16:00:00,2325
1/26/2015 16:00:00,2245
1/27/2015 16:00:00,2280
1/28/2015 16:00:00,2305
1/29/2015 16:00:00,2265
1/30/2015 16:00:00,2275
2/2/2015 16:00:00,2275
2/3/2015 16:00:00,2285
2/4/2015 16:00:00,2300
2/5/2015 16:00:00,2275
2/6/2015 16:00:00,2320
2/9/2015 16:00:00,2280
2/10/2015 16:00:00,2235
2/11/2015 16:00:00,2205
2/12/2015 16:00:00,2245
2/13/2015 16:00:00,2295
2/16/2015 16:00:00,2230
2/17/2015 16:00:00,2215
2/18/2015 16:00:00,2175
2/20/2015 16:00:00,2120
2/23/2015 16:00:00,2095
2/24/2015 16:00:00,2080
2/25/2015 16:00:00,2085
2/26/2015 16:00:00,2085
2/27/2015 16:00:00,2135
3/2/2015 16:00:00,2200
3/3/2015 16:00:00,2205
3/4/2015 16:00:00,2160
3/5/2015 16:00:00,2165
3/6/2015 16:00:00,2185
3/9/2015 16:00:00,2155
3/10/2015 16:00:00,2120
3/11/2015 16:00:00,2045
3/12/2015 16:00:00,2130
3/13/2015 16:00:00,2085
3/16/2015 16:00:00,2045
3/17/2015 16:00:00,2065
3/18/2015 16:00:00,2070
3/19/2015 16:00:00,2090
3/20/2015 16:00:00,2070
3/23/2015 16:00:00,2095
3/24/2015 16:00:00,2110
3/25/2015 16:00:00,2060
3/26/2015 16:00:00,2050
3/27/2015 16:00:00,2100
3/30/2015 16:00:00,2140
3/31/2015 16:00:00,2150
4/1/2015 16:00:00,2140
4/2/2015 16:00:00,2180
4/6/2015 16:00:00,2220
4/7/2015 16:00:00,2215
4/8/2015 16:00:00,2155
4/9/2015 16:00:00,2150
4/10/2015 16:00:00,2140
4/13/2015 16:00:00,2090
4/14/2015 16:00:00,2080
4/15/2015 16:00:00,2130
4/16/2015 16:00:00,2150
4/17/2015 16:00:00,2150
4/20/2015 16:00:00,2120
4/21/2015 16:00:00,2110
4/22/2015 16:00:00,2125
4/23/2015 16:00:00,2080
4/24/2015 16:00:00,2105
4/27/2015 16:00:00,2000
4/28/2015 16:00:00,2015
4/29/2015 16:00:00,1945
4/30/2015 16:00:00,1870
5/4/2015 16:00:00,1870
5/5/2015 16:00:00,1880
5/6/2015 16:00:00,1870
5/7/2015 16:00:00,1840
5/8/2015 16:00:00,1930
5/11/2015 16:00:00,1990
5/12/2015 16:00:00,2000
5/13/2015 16:00:00,2060
5/15/2015 16:00:00,2110
5/18/2015 16:00:00,2090
5/19/2015 16:00:00,2085
5/20/2015 16:00:00,2160
5/21/2015 16:00:00,2165
5/22/2015 16:00:00,2110
5/25/2015 16:00:00,2075
5/26/2015 16:00:00,2110
5/27/2015 16:00:00,2055
5/28/2015 16:00:00,2025
5/29/2015 16:00:00,1965
6/1/2015 16:00:00,1945
6/3/2015 16:00:00,1935
6/4/2015 16:00:00,1925
6/5/2015 16:00:00,1885
6/8/2015 16:00:00,1885
6/9/2015 16:00:00,1825
6/10/2015 16:00:00,1810
6/11/2015 16:00:00,1820
6/12/2015 16:00:00,1830
6/15/2015 16:00:00,1815
6/16/2015 16:00:00,1850
6/17/2015 16:00:00,1830
6/18/2015 16:00:00,1810
6/19/2015 16:00:00,1805
6/22/2015 16:00:00,1800
6/23/2015 16:00:00,1790
6/24/2015 16:00:00,1805
6/25/2015 16:00:00,1740
6/26/2015 16:00:00,1700
6/29/2015 16:00:00,1675
6/30/2015 16:00:00,1680
7/1/2015 16:00:00,1660
7/2/2015 16:00:00,1650
7/3/2015 16:00:00,1655
7/6/2015 16:00:00,1640
7/7/2015 16:00:00,1595
7/8/2015 16:00:00,1510
7/9/2015 16:00:00,1425
7/10/2015 16:00:00,1450
7/13/2015 16:00:00,1410
7/14/2015 16:00:00,1350
7/15/2015 16:00:00,1295
7/22/2015 16:00:00,1300
7/23/2015 16:00:00,1320
7/24/2015 16:00:00,1265
7/27/2015 16:00:00,1255
7/28/2015 16:00:00,1285
7/29/2015 16:00:00,1250
7/30/2015 16:00:00,1240
7/31/2015 16:00:00,1200
8/3/2015 16:00:00,1190
8/4/2015 16:00:00,1250
8/5/2015 16:00:00,1310
8/6/2015 16:00:00,1250
8/7/2015 16:00:00,1240
8/10/2015 16:00:00,1200
8/11/2015 16:00:00,1125
8/12/2015 16:00:00,1040
8/13/2015 16:00:00,1060
8/14/2015 16:00:00,1035
8/18/2015 16:00:00,1050
8/19/2015 16:00:00,1055
8/20/2015 16:00:00,1060
8/21/2015 16:00:00,1115
8/24/2015 16:00:00,1065
8/25/2015 16:00:00,1095
8/26/2015 16:00:00,1110
8/27/2015 16:00:00,1145
8/28/2015 16:00:00,1190
8/31/2015 16:00:00,1170
9/1/2015 16:00:00,1230
9/2/2015 16:00:00,1200
9/3/2015 16:00:00,1215
9/4/2015 16:00:00,1200
9/7/2015 16:00:00,1170
9/8/2015 16:00:00,1165
9/9/2015 16:00:00,1160
9/10/2015 16:00:00,1115
9/11/2015 16:00:00,1130
9/14/2015 16:00:00,1125
9/15/2015 16:00:00,1125
9/16/2015 16:00:00,1130
9/17/2015 16:00:00,1135
9/18/2015 16:00:00,1150
9/21/2015 16:00:00,1125
9/22/2015 16:00:00,1115
9/23/2015 16:00:00,1115
9/25/2015 16:00:00,1110
9/28/2015 16:00:00,1115
9/29/2015 16:00:00,1120
9/30/2015 16:00:00,1125
10/1/2015 16:00:00,1125
10/2/2015 16:00:00,1115
10/5/2015 16:00:00,1140
10/6/2015 16:00:00,1120
10/7/2015 16:00:00,1195
10/8/2015 16:00:00,1200
10/9/2015 16:00:00,1290
10/12/2015 16:00:00,1325
10/13/2015 16:00:00,1255
10/15/2015 16:00:00,1320
10/16/2015 16:00:00,1290
10/19/2015 16:00:00,1325
10/20/2015 16:00:00,1460
10/21/2015 16:00:00,1445
10/22/2015 16:00:00,1400
10/23/2015 16:00:00,1450
10/26/2015 16:00:00,1465
10/27/2015 16:00:00,1490
10/28/2015 16:00:00,1470
10/29/2015 16:00:00,1455
10/30/2015 16:00:00,1460
11/2/2015 16:00:00,1455
11/3/2015 16:00:00,1490
11/4/2015 16:00:00,1555
11/5/2015 16:00:00,1530
11/6/2015 16:00:00,1495
11/9/2015 16:00:00,1500
11/10/2015 16:00:00,1465
11/11/2015 16:00:00,1385
11/12/2015 16:00:00,1395
11/13/2015 16:00:00,1275
11/16/2015 16:00:00,1205
11/17/2015 16:00:00,1185
11/18/2015 16:00:00,1225
11/19/2015 16:00:00,1220
11/20/2015 16:00:00,1205
11/23/2015 16:00:00,1190
11/24/2015 16:00:00,1155
11/25/2015 16:00:00,1180
11/26/2015 16:00:00,1180
11/27/2015 16:00:00,1175
11/30/2015 16:00:00,1120
12/1/2015 16:00:00,1145
12/2/2015 16:00:00,1110
12/3/2015 16:00:00,1040
12/4/2015 16:00:00,1035
12/7/2015 16:00:00,1025
12/8/2015 16:00:00,966
12/10/2015 16:00:00,928
12/11/2015 16:00:00,901
12/14/2015 16:00:00,863
12/15/2015 16:00:00,926
12/16/2015 16:00:00,942
12/17/2015 16:00:00,948
12/18/2015 16:00:00,956
12/21/2015 16:00:00,920
12/22/2015 16:00:00,930
12/23/2015 16:00:00,915
12/28/2015 16:00:00,912
12/29/2015 16:00:00,916
12/30/2015 16:00:00,905
1/4/2016 16:00:00,867
1/5/2016 16:00:00,902
1/6/2016 16:00:00,902
1/7/2016 16:00:00,869
1/8/2016 16:00:00,861
1/11/2016 16:00:00,881
1/12/2016 16:00:00,882
1/13/2016 16:00:00,905
1/14/2016 16:00:00,899
1/15/2016 16:00:00,893
1/18/2016 16:00:00,877
1/19/2016 16:00:00,860
1/20/2016 16:00:00,852
1/21/2016 16:00:00,833
1/22/2016 16:00:00,887
1/25/2016 16:00:00,894
1/26/2016 16:00:00,855
1/27/2016 16:00:00,847
1/28/2016 16:00:00,864
1/29/2016 16:00:00,890
2/1/2016 16:00:00,874
2/2/2016 16:00:00,880
2/3/2016 16:00:00,880
2/4/2016 16:00:00,894
2/5/2016 16:00:00,902
2/9/2016 16:00:00,888
2/10/2016 16:00:00,877
2/11/2016 16:00:00,889
2/12/2016 16:00:00,881
2/15/2016 16:00:00,894
2/16/2016 16:00:00,882
2/17/2016 16:00:00,872
2/18/2016 16:00:00,917
2/19/2016 16:00:00,934
2/22/2016 16:00:00,1065
2/23/2016 16:00:00,1040
2/24/2016 16:00:00,983
2/25/2016 16:00:00,953
2/26/2016 16:00:00,1020
2/29/2016 16:00:00,1015
3/1/2016 16:00:00,1045
3/2/2016 16:00:00,1105
3/3/2016 16:00:00,1145
3/4/2016 16:00:00,1160
3/7/2016 16:00:00,1295
3/8/2016 16:00:00,1325
3/10/2016 16:00:00,1255
3/11/2016 16:00:00,1260
3/14/2016 16:00:00,1280
3/15/2016 16:00:00,1230
3/16/2016 16:00:00,1270
3/17/2016 16:00:00,1400
3/18/2016 16:00:00,1315
3/21/2016 16:00:00,1365
3/22/2016 16:00:00,1360
3/23/2016 16:00:00,1350
3/24/2016 16:00:00,1300
3/28/2016 16:00:00,1310
3/29/2016 16:00:00,1275
3/30/2016 16:00:00,1285
3/31/2016 16:00:00,1255
4/1/2016 16:00:00,1240
4/4/2016 16:00:00,1290
4/5/2016 16:00:00,1245
4/6/2016 16:00:00,1330
4/7/2016 16:00:00,1310
4/8/2016 16:00:00,1310
4/11/2016 16:00:00,1335
4/12/2016 16:00:00,1385
4/20/2016 16:00:00,1520
4/21/2016 16:00:00,1540
4/22/2016 16:00:00,1500
4/25/2016 16:00:00,1500
4/26/2016 16:00:00,1465
4/27/2016 16:00:00,1475
4/28/2016 16:00:00,1430
4/29/2016 16:00:00,1410
5/2/2016 16:00:00,1410
5/3/2016 16:00:00,1375
5/4/2016 16:00:00,1320
5/9/2016 16:00:00,1300
5/10/2016 16:00:00,1260
5/11/2016 16:00:00,1310
5/12/2016 16:00:00,1310
5/13/2016 16:00:00,1265
5/16/2016 16:00:00,1275
5/17/2016 16:00:00,1315
5/18/2016 16:00:00,1300
5/19/2016 16:00:00,1265
5/20/2016 16:00:00,1260
5/23/2016 16:00:00,1285
5/24/2016 16:00:00,1255
5/25/2016 16:00:00,1295
5/26/2016 16:00:00,1330
5/27/2016 16:00:00,1335
5/30/2016 16:00:00,1335
5/31/2016 16:00:00,1275
6/1/2016 16:00:00,1310
6/2/2016 16:00:00,1395
6/3/2016 16:00:00,1425
6/6/2016 16:00:00,1480
6/7/2016 16:00:00,1565
6/8/2016 16:00:00,1530
6/9/2016 16:00:00,1595
6/10/2016 16:00:00,1560
6/13/2016 16:00:00,1525
6/14/2016 16:00:00,1480
6/15/2016 16:00:00,1525
6/16/2016 16:00:00,1485
6/17/2016 16:00:00,1505
6/20/2016 16:00:00,1600
6/21/2016 16:00:00,1640
6/22/2016 16:00:00,1610
6/23/2016 16:00:00,1590
6/24/2016 16:00:00,1565
6/27/2016 16:00:00,1550
6/28/2016 16:00:00,1535
6/29/2016 16:00:00,1555
6/30/2016 16:00:00,1540
7/1/2016 16:00:00,1580
7/11/2016 16:00:00,1655
7/12/2016 16:00:00,1725
7/13/2016 16:00:00,1930
7/14/2016 16:00:00,1865
7/15/2016 16:00:00,1925
7/18/2016 16:00:00,2000
7/19/2016 16:00:00,1960
7/20/2016 16:00:00,2000
7/21/2016 16:00:00,1945
7/22/2016 16:00:00,1935
7/25/2016 16:00:00,2010
7/26/2016 16:00:00,1975
7/27/2016 16:00:00,1980
7/28/2016 16:00:00,2045
7/29/2016 16:00:00,1970
8/1/2016 16:00:00,1965
8/2/2016 16:00:00,2000
8/3/2016 16:00:00,2060
8/4/2016 16:00:00,2135
8/5/2016 16:00:00,2070
8/8/2016 16:00:00,2050
8/9/2016 16:00:00,2075
8/10/2016 16:00:00,2030
8/11/2016 16:00:00,2000
8/12/2016 16:00:00,2000
8/15/2016 16:00:00,1970
8/16/2016 16:00:00,2015
8/18/2016 16:00:00,2075
8/19/2016 16:00:00,2015
8/22/2016 16:00:00,1985
8/23/2016 16:00:00,1980
8/24/2016 16:00:00,1960
8/25/2016 16:00:00,1955
8/26/2016 16:00:00,1935
8/29/2016 16:00:00,1870
8/30/2016 16:00:00,1895
8/31/2016 16:00:00,1985
9/1/2016 16:00:00,1960
9/2/2016 16:00:00,1940
9/5/2016 16:00:00,2000
9/6/2016 16:00:00,2020
9/7/2016 16:00:00,2075
9/8/2016 16:00:00,2020
9/9/2016 16:00:00,2025
9/13/2016 16:00:00,1905
9/14/2016 16:00:00,1850
9/15/2016 16:00:00,1930
9/16/2016 16:00:00,1920
9/19/2016 16:00:00,1935
9/20/2016 16:00:00,1895
9/21/2016 16:00:00,1955
9/22/2016 16:00:00,1970
9/23/2016 16:00:00,2005
9/26/2016 16:00:00,1970
9/27/2016 16:00:00,1960
9/28/2016 16:00:00,1940
9/29/2016 16:00:00,2005
9/30/2016 16:00:00,1925
10/3/2016 16:00:00,1990
10/4/2016 16:00:00,2055
10/5/2016 16:00:00,2050
10/6/2016 16:00:00,2130
10/7/2016 16:00:00,2170
10/10/2016 16:00:00,2240
10/11/2016 16:00:00,2335
10/12/2016 16:00:00,2325
10/13/2016 16:00:00,2320
10/14/2016 16:00:00,2340
10/17/2016 16:00:00,2485
10/18/2016 16:00:00,2440
10/19/2016 16:00:00,2505
10/20/2016 16:00:00,2500
10/21/2016 16:00:00,2400
10/24/2016 16:00:00,2435
10/25/2016 16:00:00,2455
10/26/2016 16:00:00,2535
10/27/2016 16:00:00,2500
10/28/2016 16:00:00,2405
10/31/2016 16:00:00,2380
11/1/2016 16:00:00,2535
11/2/2016 16:00:00,2535
11/3/2016 16:00:00,2360
11/4/2016 16:00:00,2495
11/7/2016 16:00:00,2610
11/8/2016 16:00:00,2575
11/9/2016 16:00:00,2575
11/10/2016 16:00:00,2680
11/11/2016 16:00:00,2720
11/14/2016 16:00:00,2565
11/15/2016 16:00:00,2295
11/16/2016 16:00:00,2505
11/17/2016 16:00:00,2385
11/18/2016 16:00:00,2225
11/21/2016 16:00:00,2225
11/22/2016 16:00:00,2310
11/23/2016 16:00:00,2380
11/24/2016 16:00:00,2285
11/25/2016 16:00:00,2360
11/28/2016 16:00:00,2310
11/29/2016 16:00:00,2310
11/30/2016 16:00:00,2360
12/1/2016 16:00:00,2425
12/2/2016 16:00:00,2460
12/5/2016 16:00:00,2695
12/6/2016 16:00:00,2610
12/7/2016 16:00:00,2555
12/8/2016 16:00:00,2520
12/9/2016 16:00:00,2540
12/13/2016 16:00:00,2525
12/14/2016 16:00:00,2520
12/15/2016 16:00:00,2540
12/16/2016 16:00:00,2500
12/19/2016 16:00:00,2460
12/20/2016 16:00:00,2420
12/21/2016 16:00:00,2435
12/22/2016 16:00:00,2435
12/23/2016 16:00:00,2360
12/27/2016 16:00:00,2420
12/28/2016 16:00:00,2430
12/29/2016 16:00:00,2500
12/30/2016 16:00:00,2500
1/3/2017 16:00:00,2555
1/4/2017 16:00:00,2475
1/5/2017 16:00:00,2410
1/6/2017 16:00:00,2455
1/9/2017 16:00:00,2405
1/10/2017 16:00:00,2410
1/11/2017 16:00:00,2420
1/12/2017 16:00:00,2440
1/13/2017 16:00:00,2455
1/16/2017 16:00:00,2440
1/17/2017 16:00:00,2415
1/18/2017 16:00:00,2410
1/19/2017 16:00:00,2405
1/20/2017 16:00:00,2360
1/23/2017 16:00:00,2340
1/24/2017 16:00:00,2260
1/25/2017 16:00:00,2195
1/26/2017 16:00:00,2160
1/27/2017 16:00:00,2165
1/30/2017 16:00:00,2265
1/31/2017 16:00:00,2320
2/1/2017 16:00:00,2340
2/2/2017 16:00:00,2320
2/3/2017 16:00:00,2350
2/6/2017 16:00:00,2240
2/7/2017 16:00:00,2200
2/8/2017 16:00:00,2280
2/9/2017 16:00:00,2215
2/10/2017 16:00:00,2200
2/13/2017 16:00:00,2215
2/14/2017 16:00:00,2185
2/16/2017 16:00:00,2150
2/17/2017 16:00:00,2135
2/20/2017 16:00:00,2220
2/21/2017 16:00:00,2250
2/22/2017 16:00:00,2240
2/23/2017 16:00:00,2260
2/24/2017 16:00:00,2230
2/27/2017 16:00:00,2205
2/28/2017 16:00:00,2235
3/1/2017 16:00:00,2225
3/2/2017 16:00:00,2240
3/3/2017 16:00:00,2195
3/6/2017 16:00:00,2150
3/7/2017 16:00:00,2190
3/8/2017 16:00:00,2160
3/9/2017 16:00:00,2170
3/10/2017 16:00:00,2075
3/13/2017 16:00:00,2080
3/14/2017 16:00:00,2160
3/15/2017 16:00:00,2190
3/16/2017 16:00:00,2280
3/17/2017 16:00:00,2285
3/20/2017 16:00:00,2265
3/21/2017 16:00:00,2295
3/22/2017 16:00:00,2315
3/23/2017 16:00:00,2325
3/24/2017 16:00:00,2365
3/27/2017 16:00:00,2350
3/29/2017 16:00:00,2450
3/30/2017 16:00:00,2585
3/31/2017 16:00:00,2640
4/3/2017 16:00:00,2640
4/4/2017 16:00:00,2770
4/5/2017 16:00:00,2750
4/6/2017 16:00:00,2570
4/7/2017 16:00:00,2620
4/10/2017 16:00:00,2605
4/11/2017 16:00:00,2595
4/12/2017 16:00:00,2395
4/13/2017 16:00:00,2500
4/17/2017 16:00:00,2565
4/18/2017 16:00:00,2520
4/20/2017 16:00:00,2520
4/21/2017 16:00:00,2490
4/25/2017 16:00:00,2535
4/26/2017 16:00:00,2535
4/27/2017 16:00:00,2570
4/28/2017 16:00:00,2535
5/2/2017 16:00:00,2470
5/3/2017 16:00:00,2475
5/4/2017 16:00:00,2375
5/5/2017 16:00:00,2300
5/8/2017 16:00:00,2330
5/9/2017 16:00:00,2275
5/10/2017 16:00:00,2170
5/12/2017 16:00:00,2195
5/15/2017 16:00:00,2175
5/16/2017 16:00:00,2170
5/17/2017 16:00:00,2115
5/18/2017 16:00:00,2120
5/19/2017 16:00:00,2160
5/22/2017 16:00:00,2150
5/23/2017 16:00:00,2155
5/24/2017 16:00:00,2150
5/26/2017 16:00:00,2150
5/29/2017 16:00:00,2145
5/30/2017 16:00:00,2130
5/31/2017 16:00:00,2180
6/2/2017 16:00:00,2160
6/5/2017 16:00:00,2165
6/6/2017 16:00:00,2210
6/7/2017 16:00:00,2275
6/8/2017 16:00:00,2240
6/9/2017 16:00:00,2250
6/12/2017 16:00:00,2210
6/13/2017 16:00:00,2240
6/14/2017 16:00:00,2310
6/15/2017 16:00:00,2280
6/16/2017 16:00:00,2280
6/19/2017 16:00:00,2285
6/20/2017 16:00:00,2370
6/21/2017 16:00:00,2370
6/22/2017 16:00:00,2390
7/3/2017 16:00:00,2410
7/4/2017 16:00:00,2480
7/5/2017 16:00:00,2420
7/6/2017 16:00:00,2450
7/7/2017 16:00:00,2480
7/10/2017 16:00:00,2415
7/11/2017 16:00:00,2410
7/12/2017 16:00:00,2500
7/13/2017 16:00:00,2480
7/14/2017 16:00:00,2500
7/17/2017 16:00:00,2590
7/18/2017 16:00:00,2575
7/19/2017 16:00:00,2640
7/20/2017 16:00:00,2660
7/21/2017 16:00:00,2630
7/24/2017 16:00:00,2600
7/25/2017 16:00:00,2620
7/26/2017 16:00:00,2590
7/27/2017 16:00:00,2595
7/28/2017 16:00:00,2635
7/31/2017 16:00:00,2620
8/1/2017 16:00:00,2675
8/2/2017 16:00:00,2690
8/3/2017 16:00:00,2665
8/4/2017 16:00:00,2705
8/7/2017 16:00:00,2750
8/8/2017 16:00:00,2710
8/9/2017 16:00:00,2620
8/10/2017 16:00:00,2695
8/11/2017 16:00:00,2660
8/14/2017 16:00:00,2645
8/15/2017 16:00:00,2630
8/16/2017 16:00:00,2630
8/18/2017 16:00:00,2630
8/21/2017 16:00:00,2580
8/22/2017 16:00:00,2620
8/23/2017 16:00:00,2630
8/24/2017 16:00:00,2640
8/25/2017 16:00:00,2620
8/28/2017 16:00:00,2575
8/29/2017 16:00:00,2595
8/30/2017 16:00:00,2485
8/31/2017 16:00:00,2475
9/4/2017 16:00:00,2340
9/5/2017 16:00:00,2430
9/6/2017 16:00:00,2455
9/7/2017 16:00:00,2420
9/8/2017 16:00:00,2475
9/11/2017 16:00:00,2470
9/12/2017 16:00:00,2435
9/13/2017 16:00:00,2015
9/14/2017 16:00:00,1995
9/15/2017 16:00:00,1925
9/18/2017 16:00:00,2075
9/19/2017 16:00:00,2090
9/20/2017 16:00:00,2085
9/22/2017 16:00:00,2055
9/25/2017 16:00:00,1995
9/26/2017 16:00:00,1980
9/27/2017 16:00:00,1845
9/28/2017 16:00:00,2000
9/29/2017 16:00:00,2090
10/2/2017 16:00:00,2010
10/3/2017 16:00:00,2120
10/4/2017 16:00:00,2130
10/5/2017 16:00:00,2165
10/6/2017 16:00:00,2220
10/9/2017 16:00:00,2200
10/10/2017 16:00:00,2170
10/11/2017 16:00:00,2255
10/12/2017 16:00:00,2240
10/13/2017 16:00:00,2215
10/16/2017 16:00:00,2130
10/17/2017 16:00:00,2150
10/18/2017 16:00:00,2185
10/19/2017 16:00:00,2200
10/20/2017 16:00:00,2120
10/23/2017 16:00:00,2140
10/24/2017 16:00:00,2160
10/25/2017 16:00:00,2145
10/26/2017 16:00:00,2205
10/27/2017 16:00:00,2185
10/30/2017 16:00:00,2285
10/31/2017 16:00:00,2295
11/1/2017 16:00:00,2335
11/2/2017 16:00:00,2315
11/3/2017 16:00:00,2310
11/6/2017 16:00:00,2280
11/7/2017 16:00:00,2410
11/8/2017 16:00:00,2350
11/9/2017 16:00:00,2360
11/10/2017 16:00:00,2375
11/13/2017 16:00:00,2400
11/14/2017 16:00:00,2360
11/15/2017 16:00:00,2245
11/16/2017 16:00:00,2225
11/17/2017 16:00:00,2240
11/20/2017 16:00:00,2235
11/21/2017 16:00:00,2155
11/22/2017 16:00:00,2210
11/23/2017 16:00:00,2180
11/24/2017 16:00:00,2160
11/27/2017 16:00:00,2180
11/28/2017 16:00:00,2170
11/29/2017 16:00:00,2250
11/30/2017 16:00:00,2250
12/4/2017 16:00:00,2295
12/5/2017 16:00:00,2240
12/6/2017 16:00:00,2220
12/7/2017 16:00:00,2190
12/8/2017 16:00:00,2210
12/11/2017 16:00:00,2185
12/12/2017 16:00:00,2200
12/13/2017 16:00:00,2240
12/14/2017 16:00:00,2240
12/15/2017 16:00:00,2280
12/18/2017 16:00:00,2260
12/19/2017 16:00:00,2460
12/20/2017 16:00:00,2460
12/21/2017 16:00:00,2550
12/22/2017 16:00:00,2520
12/27/2017 16:00:00,2510
12/28/2017 16:00:00,2500
12/29/2017 16:00:00,2460
1/2/2018 16:00:00,2500
1/3/2018 16:00:00,2440
1/4/2018 16:00:00,2480
1/5/2018 16:00:00,2610
1/8/2018 16:00:00,2670
1/9/2018 16:00:00,2730
1/10/2018 16:00:00,2720
1/11/2018 16:00:00,2800
1/12/2018 16:00:00,2890
1/15/2018 16:00:00,3030
1/16/2018 16:00:00,3060
1/17/2018 16:00:00,3020
1/18/2018 16:00:00,3040
1/19/2018 16:00:00,3120
1/22/2018 16:00:00,3300
1/23/2018 16:00:00,3320
1/24/2018 16:00:00,3330
1/25/2018 16:00:00,3340
1/26/2018 16:00:00,3330
1/29/2018 16:00:00,3430
1/30/2018 16:00:00,3400
1/31/2018 16:00:00,3400
2/1/2018 16:00:00,3340
2/2/2018 16:00:00,3300
2/5/2018 16:00:00,3300
2/6/2018 16:00:00,3170
2/7/2018 16:00:00,3170
2/8/2018 16:00:00,3130
2/9/2018 16:00:00,3050
2/12/2018 16:00:00,3090
2/13/2018 16:00:00,3270
2/14/2018 16:00:00,3230
2/15/2018 16:00:00,3240
2/19/2018 16:00:00,3320
2/20/2018 16:00:00,3330
2/21/2018 16:00:00,3380
2/22/2018 16:00:00,3360
2/23/2018 16:00:00,3400
2/26/2018 16:00:00,3240
2/27/2018 16:00:00,3110
2/28/2018 16:00:00,3170
3/1/2018 16:00:00,3170
3/2/2018 16:00:00,3070
3/5/2018 16:00:00,3090
3/6/2018 16:00:00,3050
3/7/2018 16:00:00,2930
3/8/2018 16:00:00,2800
3/9/2018 16:00:00,2890
3/12/2018 16:00:00,3000
3/13/2018 16:00:00,2930
3/14/2018 16:00:00,2850
3/15/2018 16:00:00,2790
3/16/2018 16:00:00,2810
3/19/2018 16:00:00,2840
3/20/2018 16:00:00,2870
3/21/2018 16:00:00,2880
3/22/2018 16:00:00,2890
3/23/2018 16:00:00,2890
3/26/2018 16:00:00,2930
3/27/2018 16:00:00,2950
3/28/2018 16:00:00,2910
3/29/2018 16:00:00,2940
4/2/2018 16:00:00,3060
4/3/2018 16:00:00,3090
4/4/2018 16:00:00,3050
4/5/2018 16:00:00,3230
4/6/2018 16:00:00,3180
4/9/2018 16:00:00,3210
4/10/2018 16:00:00,3300
4/11/2018 16:00:00,3420
4/12/2018 16:00:00,3420
4/13/2018 16:00:00,3430
4/16/2018 16:00:00,3390
4/17/2018 16:00:00,3480
4/18/2018 16:00:00,3480
4/19/2018 16:00:00,3280
4/20/2018 16:00:00,3360
4/23/2018 16:00:00,3350
4/24/2018 16:00:00,3330
4/25/2018 16:00:00,3270
4/26/2018 16:00:00,3060
4/27/2018 16:00:00,3140
4/30/2018 16:00:00,3240
5/2/2018 16:00:00,3430
5/3/2018 16:00:00,3280
5/4/2018 16:00:00,3350
5/7/2018 16:00:00,3270
5/8/2018 16:00:00,3260
5/9/2018 16:00:00,3430
5/11/2018 16:00:00,3450
5/14/2018 16:00:00,3560
5/15/2018 16:00:00,3530
5/16/2018 16:00:00,3500
5/17/2018 16:00:00,3550
5/18/2018 16:00:00,3690
5/21/2018 16:00:00,3830
5/22/2018 16:00:00,3790
5/23/2018 16:00:00,3770
5/24/2018 16:00:00,3760
5/25/2018 16:00:00,3750
5/28/2018 16:00:00,3660
5/30/2018 16:00:00,3780
5/31/2018 16:00:00,3800
6/4/2018 16:00:00,3960
6/5/2018 16:00:00,4000
6/6/2018 16:00:00,3910
6/7/2018 16:00:00,3940
6/8/2018 16:00:00,4070
6/20/2018 16:00:00,4240
6/21/2018 16:00:00,4100
6/22/2018 16:00:00,4150
6/25/2018 16:00:00,4130
6/26/2018 16:00:00,4100
6/27/2018 16:00:00,4040
6/28/2018 16:00:00,3840
6/29/2018 16:00:00,3970
7/2/2018 16:00:00,4000
7/3/2018 16:00:00,4000
7/4/2018 16:00:00,4000
7/5/2018 16:00:00,4000
7/6/2018 16:00:00,3950
7/9/2018 16:00:00,4000
7/10/2018 16:00:00,3990
7/11/2018 16:00:00,4070
7/12/2018 16:00:00,4230
7/13/2018 16:00:00,4170
7/16/2018 16:00:00,4240
7/17/2018 16:00:00,4380
7/18/2018 16:00:00,4330
7/19/2018 16:00:00,4400
7/20/2018 16:00:00,4260
7/23/2018 16:00:00,4310
7/24/2018 16:00:00,4240
7/25/2018 16:00:00,4320
7/26/2018 16:00:00,4430
7/27/2018 16:00:00,4600
7/30/2018 16:00:00,4360
7/31/2018 16:00:00,4480
8/1/2018 16:00:00,4540
8/2/2018 16:00:00,4490
8/3/2018 16:00:00,4500
8/6/2018 16:00:00,4580
8/7/2018 16:00:00,4780
8/8/2018 16:00:00,4810
8/9/2018 16:00:00,4800
8/10/2018 16:00:00,4890
8/13/2018 16:00:00,4850
8/14/2018 16:00:00,4160
8/15/2018 16:00:00,4030
8/16/2018 16:00:00,4120
8/20/2018 16:00:00,4260
8/21/2018 16:00:00,4120
8/23/2018 16:00:00,4040
8/24/2018 16:00:00,4070
8/27/2018 16:00:00,4060
8/28/2018 16:00:00,4140
8/29/2018 16:00:00,4150
8/30/2018 16:00:00,4160
8/31/2018 16:00:00,4050
9/3/2018 16:00:00,4100
9/4/2018 16:00:00,4000
9/5/2018 16:00:00,3790
9/6/2018 16:00:00,3810
9/7/2018 16:00:00,3770
9/10/2018 16:00:00,3720
9/12/2018 16:00:00,3940
9/13/2018 16:00:00,3970
9/14/2018 16:00:00,3970
9/17/2018 16:00:00,3930
9/18/2018 16:00:00,4130
9/19/2018 16:00:00,4140
9/20/2018 16:00:00,4160
9/21/2018 16:00:00,4170
9/24/2018 16:00:00,4120
9/25/2018 16:00:00,4130
9/26/2018 16:00:00,4110
9/27/2018 16:00:00,4160
9/28/2018 16:00:00,4320
10/1/2018 16:00:00,4400
10/2/2018 16:00:00,4590
10/3/2018 16:00:00,4660
10/4/2018 16:00:00,4710
10/5/2018 16:00:00,4740
10/8/2018 16:00:00,4690
10/9/2018 16:00:00,4500
10/10/2018 16:00:00,4540
10/11/2018 16:00:00,4470
10/12/2018 16:00:00,4560
10/15/2018 16:00:00,4440
10/16/2018 16:00:00,4390
10/17/2018 16:00:00,4500
10/18/2018 16:00:00,4490
10/19/2018 16:00:00,4540
10/22/2018 16:00:00,4610
10/23/2018 16:00:00,4510
10/24/2018 16:00:00,4300
10/25/2018 16:00:00,4490
10/26/2018 16:00:00,4250
10/29/2018 16:00:00,4190
10/30/2018 16:00:00,4190
10/31/2018 16:00:00,4250
11/1/2018 16:00:00,4230
11/2/2018 16:00:00,4200
11/5/2018 16:00:00,4390
11/6/2018 16:00:00,4450
11/7/2018 16:00:00,4470
11/8/2018 16:00:00,4470
11/9/2018 16:00:00,4330
11/12/2018 16:00:00,4420
11/13/2018 16:00:00,4650
11/14/2018 16:00:00,4880
11/15/2018 16:00:00,4700
11/16/2018 16:00:00,4740
11/19/2018 16:00:00,4660
11/21/2018 16:00:00,4350
11/22/2018 16:00:00,4220
11/23/2018 16:00:00,4310
11/26/2018 16:00:00,3940
11/27/2018 16:00:00,3870
11/28/2018 16:00:00,3990
11/29/2018 16:00:00,4140
11/30/2018 16:00:00,4020
12/3/2018 16:00:00,3960
12/4/2018 16:00:00,4000
12/5/2018 16:00:00,3950
12/6/2018 16:00:00,4080
12/7/2018 16:00:00,3990
12/10/2018 16:00:00,4020
12/11/2018 16:00:00,4280
12/12/2018 16:00:00,4310
12/13/2018 16:00:00,4500
12/14/2018 16:00:00,4460
12/17/2018 16:00:00,4390
12/18/2018 16:00:00,4230
12/19/2018 16:00:00,4220
12/20/2018 16:00:00,4270
12/21/2018 16:00:00,4230
12/26/2018 16:00:00,4290
12/27/2018 16:00:00,4290
12/28/2018 16:00:00,4300
1/2/2019 16:00:00,4240
1/3/2019 16:00:00,4160
1/4/2019 16:00:00,4380
1/7/2019 16:00:00,4400
1/8/2019 16:00:00,4370
1/9/2019 16:00:00,4330
1/10/2019 16:00:00,4290
1/11/2019 16:00:00,4330
1/14/2019 16:00:00,4390
1/15/2019 16:00:00,4380
1/16/2019 16:00:00,4380
1/17/2019 16:00:00,4450
1/18/2019 16:00:00,4470
1/21/2019 16:00:00,4470
1/22/2019 16:00:00,4420
1/23/2019 16:00:00,4390
1/24/2019 16:00:00,4390
1/25/2019 16:00:00,4370
1/28/2019 16:00:00,4350
1/29/2019 16:00:00,4380
1/30/2019 16:00:00,4300
1/31/2019 16:00:00,4310
2/1/2019 16:00:00,4320
2/4/2019 16:00:00,4240
2/6/2019 16:00:00,4290
2/7/2019 16:00:00,4310
2/8/2019 16:00:00,4300
2/11/2019 16:00:00,4260
2/12/2019 16:00:00,4190
2/13/2019 16:00:00,4120
2/14/2019 16:00:00,4050
2/15/2019 16:00:00,3980
2/19/2019 16:00:00,4200
2/20/2019 16:00:00,4160
2/21/2019 16:00:00,4200
2/22/2019 16:00:00,4130
2/25/2019 16:00:00,4130
2/26/2019 16:00:00,4150
2/27/2019 16:00:00,4100
2/28/2019 16:00:00,3980
3/1/2019 16:00:00,4040
3/4/2019 16:00:00,4060
3/5/2019 16:00:00,3970
3/6/2019 16:00:00,4040
3/8/2019 16:00:00,4000
3/11/2019 16:00:00,3980
3/12/2019 16:00:00,4010
3/13/2019 16:00:00,4020
3/14/2019 16:00:00,4020
3/15/2019 16:00:00,4030
3/18/2019 16:00:00,4040
3/19/2019 16:00:00,4020
3/20/2019 16:00:00,4050
3/21/2019 16:00:00,4040
3/22/2019 16:00:00,4100
3/25/2019 16:00:00,4150
3/26/2019 16:00:00,4250
3/27/2019 16:00:00,4080
3/28/2019 16:00:00,4170
3/29/2019 16:00:00,4200
4/1/2019 16:00:00,4220
4/2/2019 16:00:00,4190
4/4/2019 16:00:00,4100
4/5/2019 16:00:00,4000
4/8/2019 16:00:00,4070
4/9/2019 16:00:00,4070
4/10/2019 16:00:00,4030
4/11/2019 16:00:00,4010
4/12/2019 16:00:00,4030
4/15/2019 16:00:00,3970
4/16/2019 16:00:00,3980
4/18/2019 16:00:00,3950
4/22/2019 16:00:00,4050
4/23/2019 16:00:00,4050
4/24/2019 16:00:00,4130
4/25/2019 16:00:00,4030
4/26/2019 16:00:00,4020
4/29/2019 16:00:00,3950
4/30/2019 16:00:00,3960
5/2/2019 16:00:00,3940
5/3/2019 16:00:00,3790
5/6/2019 16:00:00,3790
5/7/2019 16:00:00,3400
5/8/2019 16:00:00,3190
5/9/2019 16:00:00,3110
5/10/2019 16:00:00,3080
5/13/2019 16:00:00,2940
5/14/2019 16:00:00,3050
5/15/2019 16:00:00,2900
5/16/2019 16:00:00,2810
5/17/2019 16:00:00,2750
5/20/2019 16:00:00,2810
5/21/2019 16:00:00,2810
5/22/2019 16:00:00,2850
5/23/2019 16:00:00,2880
5/24/2019 16:00:00,2880
5/27/2019 16:00:00,2880
5/28/2019 16:00:00,3000
5/29/2019 16:00:00,3000
5/31/2019 16:00:00,3060
6/10/2019 16:00:00,2940
6/11/2019 16:00:00,2930
6/12/2019 16:00:00,2880
6/13/2019 16:00:00,2840
6/14/2019 16:00:00,2830
6/17/2019 16:00:00,2820
6/18/2019 16:00:00,2880
6/19/2019 16:00:00,2950
6/20/2019 16:00:00,2920
6/21/2019 16:00:00,2900
6/24/2019 16:00:00,2880
6/25/2019 16:00:00,3060
6/26/2019 16:00:00,2990
6/27/2019 16:00:00,2960
6/28/2019 16:00:00,2960
7/1/2019 16:00:00,3060
7/2/2019 16:00:00,3020
7/3/2019 16:00:00,3000
7/4/2019 16:00:00,3050
7/5/2019 16:00:00,3050
7/8/2019 16:00:00,2980
7/9/2019 16:00:00,2930
7/10/2019 16:00:00,2940
7/11/2019 16:00:00,2910
7/12/2019 16:00:00,2840
7/15/2019 16:00:00,2840
7/16/2019 16:00:00,2840
7/17/2019 16:00:00,2820
7/18/2019 16:00:00,2870
7/19/2019 16:00:00,2880
7/22/2019 16:00:00,2840
7/23/2019 16:00:00,2830
7/24/2019 16:00:00,2780
7/25/2019 16:00:00,2790
7/26/2019 16:00:00,2750
7/29/2019 16:00:00,2700
7/30/2019 16:00:00,2730
7/31/2019 16:00:00,2740
8/1/2019 16:00:00,2730
8/2/2019 16:00:00,2690
8/5/2019 16:00:00,2620
8/6/2019 16:00:00,2550
8/7/2019 16:00:00,2560
8/8/2019 16:00:00,2570
8/9/2019 16:00:00,2540
8/12/2019 16:00:00,2480
8/13/2019 16:00:00,2420
8/14/2019 16:00:00,2430
8/15/2019 16:00:00,2380
8/16/2019 16:00:00,2440
8/19/2019 16:00:00,2450
8/20/2019 16:00:00,2460
8/21/2019 16:00:00,2420
8/22/2019 16:00:00,2420
8/23/2019 16:00:00,2490
8/26/2019 16:00:00,2410
8/27/2019 16:00:00,2420
8/28/2019 16:00:00,2410
8/29/2019 16:00:00,2410
8/30/2019 16:00:00,2470
9/2/2019 16:00:00,2420
9/3/2019 16:00:00,2440
9/4/2019 16:00:00,2440
9/5/2019 16:00:00,2470
9/6/2019 16:00:00,2600
9/9/2019 16:00:00,2700
9/10/2019 16:00:00,2650
9/11/2019 16:00:00,2690
9/12/2019 16:00:00,2620
9/13/2019 16:00:00,2560
9/16/2019 16:00:00,2580
9/17/2019 16:00:00,2570
9/18/2019 16:00:00,2550
9/19/2019 16:00:00,2460
9/20/2019 16:00:00,2470
9/23/2019 16:00:00,2400
9/24/2019 16:00:00,2320
9/25/2019 16:00:00,2300
9/26/2019 16:00:00,2300
9/27/2019 16:00:00,2300
9/30/2019 16:00:00,2260
10/1/2019 16:00:00,2280
10/2/2019 16:00:00,2240
10/3/2019 16:00:00,2240
10/4/2019 16:00:00,2200
10/7/2019 16:00:00,2150
10/8/2019 16:00:00,2230
10/9/2019 16:00:00,2240
10/10/2019 16:00:00,2260
10/11/2019 16:00:00,2270
10/14/2019 16:00:00,2250
10/15/2019 16:00:00,2260
10/16/2019 16:00:00,2260
10/17/2019 16:00:00,2220
10/18/2019 16:00:00,2350
10/21/2019 16:00:00,2350
10/22/2019 16:00:00,2360
10/23/2019 16:00:00,2450
10/24/2019 16:00:00,2410
10/25/2019 16:00:00,2350
10/28/2019 16:00:00,2370
10/29/2019 16:00:00,2350
10/30/2019 16:00:00,2340
10/31/2019 16:00:00,2250
11/1/2019 16:00:00,2190
11/4/2019 16:00:00,2300
11/5/2019 16:00:00,2430
11/6/2019 16:00:00,2460
11/7/2019 16:00:00,2390
11/8/2019 16:00:00,2580
11/11/2019 16:00:00,2600
11/12/2019 16:00:00,2620
11/13/2019 16:00:00,2550
11/14/2019 16:00:00,2460
11/15/2019 16:00:00,2510
11/18/2019 16:00:00,2510
11/19/2019 16:00:00,2480
11/20/2019 16:00:00,2450
11/21/2019 16:00:00,2380
11/22/2019 16:00:00,2430
11/25/2019 16:00:00,2500
11/26/2019 16:00:00,2630
11/27/2019 16:00:00,2580
11/28/2019 16:00:00,2470
11/29/2019 16:00:00,2420
12/2/2019 16:00:00,2530
12/3/2019 16:00:00,2500
12/4/2019 16:00:00,2460
12/5/2019 16:00:00,2560
12/6/2019 16:00:00,2550
12/9/2019 16:00:00,2590
12/10/2019 16:00:00,2550
12/11/2019 16:00:00,2520
12/12/2019 16:00:00,2470
12/13/2019 16:00:00,2580
12/16/2019 16:00:00,2690
12/17/2019 16:00:00,2650
12/18/2019 16:00:00,2670
12/19/2019 16:00:00,2650
12/20/2019 16:00:00,2600
12/23/2019 16:00:00,2610
12/26/2019 16:00:00,2640
12/27/2019 16:00:00,2650
12/30/2019 16:00:00,2660