"date","close"
2010-01-04,3560
2010-01-05,3560
2010-01-06,3640
2010-01-07,3650
2010-01-08,3660
2010-01-11,3620
2010-01-12,3610
2010-01-13,3550
2010-01-14,3580
2010-01-15,3570
2010-01-18,3620
2010-01-19,3610
2010-01-20,3580
2010-01-21,3540
2010-01-22,3440
2010-01-25,3370
2010-01-26,3380
2010-01-27,3290
2010-01-28,3460
2010-01-29,3440
2010-02-01,3340
2010-02-02,3300
2010-02-03,3380
2010-02-04,3370
2010-02-05,3230
2010-02-08,3110
2010-02-09,3110
2010-02-10,3080
2010-02-11,3110
2010-02-12,3160
2010-02-15,3160
2010-02-16,3240
2010-02-17,3260
2010-02-18,3220
2010-02-19,3180
2010-02-22,3180
2010-02-23,3220
2010-02-24,3190
2010-02-25,3120
2010-03-01,3160
2010-03-02,3130
2010-03-03,3150
2010-03-04,3100
2010-03-05,3120
2010-03-08,3190
2010-03-09,3200
2010-03-10,3220
2010-03-11,3210
2010-03-12,3200
2010-03-15,3160
2010-03-17,3210
2010-03-18,3250
2010-03-19,3270
2010-03-22,3200
2010-03-23,3230
2010-03-24,3270
2010-03-25,3420
2010-03-26,3560
2010-03-29,3470
2010-03-30,3440
2010-03-31,3480
2010-04-01,3610
2010-04-05,3600
2010-04-06,3600
2010-04-07,3610
2010-04-08,3490
2010-04-09,3530
2010-04-12,3550
2010-04-13,3610
2010-04-14,3640
2010-04-15,3630
2010-04-16,3590
2010-04-19,3480
2010-04-20,3520
2010-04-21,3580
2010-04-22,3590
2010-04-23,3600
2010-04-26,3660
2010-04-27,3790
2010-04-28,3790
2010-04-29,3800
2010-04-30,3720
2010-05-03,3680
2010-05-04,3680
2010-05-05,3590
2010-05-06,3590
2010-05-07,3440
2010-05-10,3580
2010-05-11,3640
2010-05-12,3680
2010-05-14,3640
2010-05-17,3570
2010-05-18,3610
2010-05-19,3410
2010-05-20,3310
2010-05-21,3250
2010-05-24,3230
2010-05-25,3140
2010-05-26,3380
2010-05-27,3390
2010-05-31,3490
2010-06-01,3370
2010-06-02,3410
2010-06-03,3460
2010-06-04,3420
2010-06-07,3290
2010-06-08,3260
2010-06-09,3250
2010-06-10,3230
2010-06-11,3280
2010-06-14,3320
2010-06-15,3270
2010-06-16,3310
2010-06-17,3320
2010-06-18,3350
2010-06-21,3440
2010-06-22,3410
2010-06-23,3410
2010-06-24,3470
2010-06-25,3480
2010-06-28,3510
2010-06-29,3400
2010-06-30,3450
2010-07-01,3340
2010-07-02,3380
2010-07-05,3410
2010-07-06,3470
2010-07-07,3470
2010-07-08,3450
2010-07-09,3470
2010-07-12,3450
2010-07-13,3430
2010-07-14,3430
2010-07-15,3410
2010-07-16,3420
2010-07-19,3330
2010-07-20,3340
2010-07-21,3310
2010-07-22,3300
2010-07-23,3300
2010-07-26,3300
2010-07-27,3360
2010-07-28,3400
2010-07-29,3370
2010-07-30,3340
2010-08-02,3350
2010-08-03,3260
2010-08-04,3240
2010-08-05,3270
2010-08-06,3270
2010-08-09,3260
2010-08-10,3250
2010-08-11,3230
2010-08-12,3220
2010-08-13,3270
2010-08-16,3290
2010-08-18,3320
2010-08-19,3320
2010-08-20,3270
2010-08-23,3310
2010-08-24,3270
2010-08-25,3340
2010-08-26,3590
2010-08-27,3570
2010-08-30,3540
2010-08-31,3500
2010-09-01,3620
2010-09-02,3550
2010-09-03,3630
2010-09-06,3690
2010-09-07,3690
2010-09-15,3850
2010-09-16,3780
2010-09-17,3700
2010-09-20,3630
2010-09-21,3760
2010-09-22,3760
2010-09-23,3880
2010-09-24,3980
2010-09-27,4000
2010-09-28,4050
2010-09-29,3940
2010-09-30,3890
2010-10-01,3950
2010-10-04,3980
2010-10-05,3980
2010-10-06,4030
2010-10-07,4050
2010-10-08,4140
2010-10-11,4170
2010-10-12,4150
2010-10-13,4120
2010-10-14,4040
2010-10-15,4080
2010-10-18,4110
2010-10-19,4060
2010-10-20,3960
2010-10-21,4010
2010-10-22,4020
2010-10-25,3980
2010-10-26,4000
2010-10-27,3920
2010-10-28,3870
2010-10-29,3930
2010-11-01,3910
2010-11-02,3870
2010-11-03,3740
2010-11-04,4020
2010-11-05,4070
2010-11-08,4150
2010-11-09,4290
2010-11-10,4360
2010-11-11,4250
2010-11-12,4080
2010-11-15,4040
2010-11-16,4050
2010-11-18,4150
2010-11-19,4230
2010-11-22,4190
2010-11-23,4080
2010-11-24,4050
2010-11-25,4050
2010-11-26,3990
2010-11-29,4000
2010-11-30,3740
2010-12-01,3970
2010-12-02,4250
2010-12-03,4310
2010-12-06,4480
2010-12-08,4480
2010-12-09,4400
2010-12-10,4400
2010-12-13,4440
2010-12-14,4230
2010-12-15,4140
2010-12-16,4090
2010-12-17,4170
2010-12-20,4260
2010-12-21,4340
2010-12-22,4330
2010-12-23,4240
2010-12-27,4330
2010-12-28,4400
2010-12-29,4530
2010-12-30,4590
2011-01-03,4790
2011-01-04,4980
2011-01-05,4840
2011-01-06,4640
2011-01-07,4560
2011-01-10,4510
2011-01-11,4420
2011-01-12,4620
2011-01-13,4700
2011-01-14,4670
2011-01-17,4580
2011-01-18,4590
2011-01-19,4600
2011-01-20,4390
2011-01-21,4110
2011-01-24,3940
2011-01-25,4020
2011-01-26,4020
2011-01-27,4060
2011-01-28,4030
2011-01-31,3950
2011-02-01,4060
2011-02-02,4060
2011-02-04,4060
2011-02-07,4030
2011-02-08,4050
2011-02-09,3980
2011-02-10,3860
2011-02-11,3880
2011-02-14,3940
2011-02-16,3870
2011-02-17,3870
2011-02-18,3930
2011-02-21,3940
2011-02-22,3920
2011-02-23,4040
2011-02-24,4000
2011-02-25,4000
2011-02-28,4010
2011-03-01,4020
2011-03-02,3990
2011-03-03,3970
2011-03-04,3990
2011-03-07,4000
2011-03-08,4110
2011-03-09,4060
2011-03-10,4110
2011-03-11,4090
2011-03-14,4150
2011-03-15,4130
2011-03-16,4120
2011-03-17,4070
2011-03-18,4080
2011-03-21,4120
2011-03-22,4100
2011-03-23,4100
2011-03-24,4220
2011-03-25,4190
2011-03-28,4130
2011-03-29,4220
2011-03-30,4290
2011-03-31,4200
2011-04-01,4390
2011-04-04,4490
2011-04-05,4460
2011-04-06,4500
2011-04-07,4490
2011-04-08,4480
2011-04-11,4480
2011-04-12,4410
2011-04-13,4420
2011-04-14,4460
2011-04-15,4510
2011-04-18,4460
2011-04-19,4420
2011-04-20,4440
2011-04-21,4440
2011-04-25,4430
2011-04-26,4440
2011-04-27,4480
2011-04-28,4480
2011-04-29,4460
2011-05-02,4470
2011-05-03,4440
2011-05-04,4470
2011-05-05,4420
2011-05-06,4350
2011-05-09,4350
2011-05-10,4370
2011-05-11,4360
2011-05-12,4300
2011-05-13,4280
2011-05-16,4160
2011-05-18,4180
2011-05-19,4210
2011-05-20,4210
2011-05-23,4180
2011-05-24,4250
2011-05-25,4240
2011-05-26,4320
2011-05-27,4320
2011-05-30,4290
2011-05-31,4250
2011-06-01,4280
2011-06-03,4250
2011-06-06,4280
2011-06-07,4230
2011-06-08,4200
2011-06-09,4190
2011-06-10,4180
2011-06-13,4190
2011-06-14,4200
2011-06-15,4200
2011-06-16,4170
2011-06-17,4160
2011-06-20,4110
2011-06-21,4180
2011-06-22,4150
2011-06-23,4100
2011-06-24,4130
2011-06-27,4120
2011-06-28,4110
2011-06-30,4160
2011-07-01,4240
2011-07-04,4240
2011-07-05,4190
2011-07-06,4200
2011-07-07,4220
2011-07-08,4300
2011-07-11,4280
2011-07-12,4230
2011-07-13,4230
2011-07-14,4230
2011-07-15,4170
2011-07-18,4180
2011-07-19,4180
2011-07-20,4190
2011-07-21,4210
2011-07-22,4240
2011-07-25,4180
2011-07-26,4210
2011-07-27,4300
2011-07-28,4280
2011-07-29,4260
2011-08-01,4280
2011-08-02,4280
2011-08-03,4250
2011-08-04,4170
2011-08-05,3940
2011-08-08,3870
2011-08-09,3570
2011-08-10,3740
2011-08-11,3760
2011-08-12,3770
2011-08-15,3820
2011-08-16,3820
2011-08-18,3940
2011-08-19,3760
2011-08-22,3870
2011-08-23,3920
2011-08-24,3850
2011-08-25,3860
2011-08-26,3810
2011-09-05,3840
2011-09-06,3850
2011-09-07,3930
2011-09-08,3960
2011-09-09,3940
2011-09-12,3850
2011-09-13,3760
2011-09-14,3680
2011-09-15,3560
2011-09-16,3590
2011-09-19,3520
2011-09-20,3460
2011-09-21,3420
2011-09-22,3120
2011-09-23,3150
2011-09-26,2950
2011-09-27,3090
2011-09-28,3220
2011-09-29,3260
2011-09-30,3360
2011-10-03,3140
2011-10-04,2880
2011-10-05,2790
2011-10-06,2880
2011-10-07,2800
2011-10-10,2770
2011-10-11,3020
2011-10-12,3240
2011-10-13,3480
2011-10-14,3420
2011-10-17,3550
2011-10-18,3400
2011-10-19,3480
2011-10-20,3380
2011-10-21,3360
2011-10-24,3460
2011-10-25,3470
2011-10-26,3450
2011-10-27,3640
2011-10-28,3760
2011-10-31,3670
2011-11-01,3550
2011-11-02,3640
2011-11-03,3580
2011-11-04,3630
2011-11-07,3540
2011-11-08,3610
2011-11-09,3680
2011-11-10,3550
2011-11-11,3540
2011-11-14,3590
2011-11-15,3580
2011-11-16,3550
2011-11-17,3560
2011-11-18,3570
2011-11-21,3500
2011-11-22,3520
2011-11-23,3400
2011-11-24,3370
2011-11-25,3330
2011-11-28,3350
2011-11-29,3360
2011-11-30,3400
2011-12-01,3400
2011-12-02,3520
2011-12-05,3470
2011-12-06,3440
2011-12-07,3430
2011-12-08,3410
2011-12-09,3380
2011-12-12,3440
2011-12-13,3410
2011-12-14,3380
2011-12-15,3320
2011-12-16,3330
2011-12-19,3300
2011-12-20,3300
2011-12-21,3300
2011-12-22,3400
2011-12-23,3440
2011-12-27,3470
2011-12-28,3430
2011-12-29,3460
2011-12-30,3470
2012-01-02,3470
2012-01-03,3680
2012-01-04,3670
2012-01-05,3690
2012-01-06,3630
2012-01-09,3660
2012-01-10,3810
2012-01-11,3850
2012-01-12,3870
2012-01-13,3850
2012-01-16,3880
2012-01-17,3930
2012-01-18,3910
2012-01-19,3950
2012-01-20,3950
2012-01-24,3990
2012-01-25,3940
2012-01-26,4000
2012-01-27,4030
2012-01-30,4000
2012-01-31,4030
2012-02-01,4040
2012-02-02,4050
2012-02-03,4100
2012-02-06,4060
2012-02-07,4040
2012-02-08,4140
2012-02-09,4190
2012-02-10,4190
2012-02-13,4200
2012-02-14,4190
2012-02-15,4200
2012-02-16,4190
2012-02-17,4200
2012-02-20,4150
2012-02-21,4160
2012-02-22,4200
2012-02-23,4160
2012-02-24,4150
2012-02-27,4140
2012-02-28,4110
2012-02-29,4150
2012-03-01,4130
2012-03-02,4170
2012-03-05,4180
2012-03-06,4150
2012-03-07,4140
2012-03-08,4180
2012-03-09,4140
2012-03-12,4170
2012-03-13,4160
2012-03-14,4160
2012-03-15,4080
2012-03-16,4020
2012-03-19,4110
2012-03-20,4090
2012-03-21,4050
2012-03-22,4060
2012-03-26,4060
2012-03-27,4110
2012-03-28,4100
2012-03-29,4080
2012-03-30,4100
2012-04-02,4080
2012-04-03,4080
2012-04-04,4020
2012-04-05,4070
2012-04-09,4060
2012-04-10,4050
2012-04-11,3840
2012-04-12,3790
2012-04-13,3780
2012-04-16,3800
2012-04-17,3860
2012-04-18,3860
2012-04-19,3820
2012-04-20,3850
2012-04-23,3810
2012-04-24,3740
2012-04-25,3710
2012-04-26,3600
2012-04-27,3630
2012-04-30,3690
2012-05-01,3640
2012-05-02,3640
2012-05-03,3660
2012-05-04,3650
2012-05-07,3510
2012-05-08,3570
2012-05-09,3470
2012-05-10,3410
2012-05-11,3250
2012-05-14,3250
2012-05-15,3300
2012-05-16,3290
2012-05-21,3270
2012-05-22,3400
2012-05-23,3300
2012-05-24,3380
2012-05-25,3240
2012-05-28,3260
2012-05-29,3260
2012-05-30,3190
2012-05-31,3000
2012-06-01,3000
2012-06-04,2650
2012-06-05,2630
2012-06-06,2740
2012-06-07,2710
2012-06-08,2740
2012-06-11,2790
2012-06-12,2670
2012-06-13,2650
2012-06-14,2650
2012-06-15,2670
2012-06-18,2780
2012-06-19,2800
2012-06-20,2980
2012-06-21,2950
2012-06-22,2860
2012-06-25,2790
2012-06-26,2910
2012-06-27,3000
2012-06-28,2900
2012-06-29,2930
2012-07-02,3040
2012-07-03,3080
2012-07-04,3270
2012-07-05,3210
2012-07-06,3210
2012-07-09,3100
2012-07-10,3090
2012-07-11,3090
2012-07-12,2980
2012-07-13,2940
2012-07-16,3000
2012-07-17,3120
2012-07-18,3120
2012-07-19,3170
2012-07-20,3150
2012-07-23,3070
2012-07-24,3080
2012-07-25,3060
2012-07-26,3080
2012-07-27,3100
2012-07-30,3120
2012-07-31,3180
2012-08-01,3170
2012-08-02,3060
2012-08-03,3030
2012-08-06,3050
2012-08-07,2990
2012-08-08,3000
2012-08-09,3000
2012-08-10,3000
2012-08-13,2990
2012-08-14,2980
2012-08-15,2990
2012-08-16,3020
2012-08-23,3030
2012-08-24,2990
2012-08-27,3000
2012-08-28,2980
2012-08-29,2920
2012-08-30,2800
2012-08-31,2920
2012-09-03,2930
2012-09-04,2850
2012-09-05,2770
2012-09-06,2780
2012-09-07,2850
2012-09-10,2850
2012-09-11,2890
2012-09-12,2910
2012-09-13,2930
2012-09-14,3130
2012-09-17,3320
2012-09-18,3240
2012-09-19,3330
2012-09-20,3260
2012-09-21,3250
2012-09-24,3250
2012-09-25,3250
2012-09-26,3230
2012-09-27,3230
2012-09-28,3240
2012-10-01,3340
2012-10-02,3360
2012-10-03,3330
2012-10-04,3320
2012-10-05,3350
2012-10-08,3320
2012-10-09,3330
2012-10-10,3310
2012-10-11,3300
2012-10-12,3270
2012-10-15,3210
2012-10-16,3220
2012-10-17,3240
2012-10-18,3260
2012-10-19,3240
2012-10-22,3280
2012-10-23,3240
2012-10-24,3230
2012-10-25,3220
2012-10-29,3130
2012-10-30,3170
2012-10-31,3200
2012-11-01,3200
2012-11-02,3280
2012-11-05,3240
2012-11-06,3290
2012-11-07,3330
2012-11-08,3300
2012-11-09,3230
2012-11-12,3200
2012-11-13,3190
2012-11-14,3240
2012-11-19,3120
2012-11-20,3130
2012-11-21,3160
2012-11-22,3230
2012-11-23,3230
2012-11-26,3270
2012-11-27,3200
2012-11-28,3010
2012-11-29,2860
2012-11-30,2800
2012-12-03,2780
2012-12-04,2790
2012-12-05,2770
2012-12-06,2810
2012-12-07,2760
2012-12-10,2790
2012-12-11,2990
2012-12-12,3170
2012-12-13,3110
2012-12-14,3040
2012-12-17,3140
2012-12-18,3060
2012-12-19,3050
2012-12-20,3000
2012-12-21,2920
2012-12-26,2970
2012-12-27,3000
2012-12-28,3020
2013-01-02,3310
2013-01-03,3380
2013-01-04,3360
2013-01-07,3330
2013-01-08,3310
2013-01-09,3160
2013-01-10,3230
2013-01-11,3140
2013-01-14,3300
2013-01-15,3290
2013-01-16,3280
2013-01-17,3230
2013-01-18,3280
2013-01-21,3200
2013-01-22,3200
2013-01-23,3120
2013-01-25,3140
2013-01-28,3120
2013-01-29,3160
2013-01-30,3110
2013-01-31,3100
2013-02-01,3100
2013-02-04,3120
2013-02-05,3120
2013-02-06,3080
2013-02-07,3070
2013-02-08,3060
2013-02-11,3080
2013-02-12,3140
2013-02-13,3120
2013-02-14,3090
2013-02-15,3120
2013-02-18,3080
2013-02-19,3010
2013-02-20,3080
2013-02-21,3030
2013-02-22,3030
2013-02-25,3000
2013-02-26,2960
2013-02-27,3010
2013-02-28,3020
2013-03-01,2980
2013-03-04,2940
2013-03-05,2910
2013-03-06,2980
2013-03-07,2950
2013-03-08,3090
2013-03-11,3070
2013-03-13,3080
2013-03-14,3010
2013-03-15,3090
2013-03-18,3000
2013-03-19,2990
2013-03-20,2950
2013-03-21,2760
2013-03-22,2700
2013-03-25,2840
2013-03-26,2880
2013-03-27,2930
2013-03-28,2880
2013-04-01,3040
2013-04-02,3030
2013-04-03,3060
2013-04-04,3070
2013-04-05,3010
2013-04-08,3050
2013-04-09,3060
2013-04-10,3090
2013-04-11,3080
2013-04-12,3080
2013-04-15,3030
2013-04-16,3060
2013-04-17,3070
2013-04-18,3090
2013-04-19,3050
2013-04-22,3060
2013-04-23,3050
2013-04-24,3010
2013-04-25,3000
2013-04-26,3020
2013-04-29,3030
2013-04-30,3050
2013-05-01,3050
2013-05-02,2960
2013-05-03,2900
2013-05-06,2990
2013-05-07,2970
2013-05-08,2960
2013-05-10,2900
2013-05-13,2870
2013-05-14,2830
2013-05-15,2800
2013-05-16,2880
2013-05-17,3130
2013-05-20,3110
2013-05-21,3000
2013-05-22,2990
2013-05-23,2780
2013-05-24,2780
2013-05-27,2700
2013-05-28,2620
2013-05-29,2580
2013-05-30,2500
2013-05-31,2440
2013-06-03,2390
2013-06-04,2530
2013-06-05,2650
2013-06-07,2650
2013-06-10,2550
2013-06-11,2370
2013-06-12,2310
2013-06-13,2370
2013-06-14,2500
2013-06-17,2380
2013-06-18,2380
2013-06-19,2420
2013-06-20,2540
2013-06-21,2440
2013-06-24,2270
2013-06-25,2340
2013-06-26,2400
2013-06-27,2530
2013-06-28,2660
2013-07-01,2620
2013-07-02,2640
2013-07-03,2480
2013-07-04,2430
2013-07-05,2510
2013-07-08,2430
2013-07-09,2390
2013-07-10,2430
2013-07-11,2500
2013-07-12,2360
2013-07-15,2450
2013-07-16,2460
2013-07-17,2300
2013-07-18,2300
2013-07-19,2310
2013-07-22,2300
2013-07-23,2380
2013-07-24,2310
2013-07-25,2280
2013-07-26,2170
2013-07-29,2050
2013-07-30,2060
2013-07-31,1990
2013-08-01,2050
2013-08-02,2000
2013-08-12,2190
2013-08-13,2270
2013-08-14,2390
2013-08-15,2330
2013-08-16,2360
2013-08-19,2140
2013-08-20,2010
2013-08-21,2040
2013-08-22,2400
2013-08-23,2450
2013-08-26,2490
2013-08-27,2490
2013-08-28,2480
2013-08-29,2390
2013-08-30,2420
2013-09-02,2550
2013-09-03,2720
2013-09-04,2720
2013-09-05,2760
2013-09-06,2760
2013-09-09,2790
2013-09-10,2520
2013-09-11,2630
2013-09-12,2630
2013-09-13,2580
2013-09-16,2600
2013-09-17,2670
2013-09-18,2620
2013-09-19,2770
2013-09-20,2770
2013-09-23,2800
2013-09-24,2640
2013-09-25,2600
2013-09-26,2560
2013-09-27,2570
2013-09-30,2550
2013-10-01,2480
2013-10-02,2440
2013-10-03,2470
2013-10-04,2470
2013-10-07,2510
2013-10-08,2530
2013-10-09,2620
2013-10-10,2640
2013-10-11,2710
2013-10-16,2680
2013-10-17,2780
2013-10-18,2800
2013-10-21,2740
2013-10-22,2770
2013-10-23,2730
2013-10-24,2700
2013-10-25,2660
2013-10-28,2630
2013-10-29,2590
2013-10-30,2530
2013-10-31,2430
2013-11-01,2320
2013-11-04,2310
2013-11-06,2320
2013-11-07,2420
2013-11-08,2440
2013-11-11,2510
2013-11-12,2450
2013-11-13,2390
2013-11-14,2390
2013-11-15,2340
2013-11-18,2430
2013-11-19,2390
2013-11-20,2360
2013-11-21,2330
2013-11-22,2320
2013-11-25,2420
2013-11-26,2430
2013-11-27,2380
2013-11-28,2360
2013-11-29,2400
2013-12-02,2400
2013-12-03,2340
2013-12-04,2340
2013-12-05,2350
2013-12-06,2330
2013-12-09,2320
2013-12-10,2310
2013-12-11,2350
2013-12-12,2320
2013-12-13,2330
2013-12-16,2250
2013-12-17,2240
2013-12-18,2250
2013-12-19,2220
2013-12-20,2120
2013-12-23,2070
2013-12-24,2060
2013-12-27,2040
2013-12-30,2040
2014-01-02,2080
2014-01-03,2000
2014-01-06,1860
2014-01-07,1825
2014-01-08,1875
2014-01-09,1840
2014-01-10,1835
2014-01-13,1830
2014-01-15,1850
2014-01-16,1830
2014-01-17,1895
2014-01-20,1925
2014-01-21,1940
2014-01-22,1990
2014-01-23,1950
2014-01-24,1920
2014-01-27,1860
2014-01-28,1860
2014-01-29,1890
2014-01-30,1850
2014-02-03,1850
2014-02-04,1825
2014-02-05,1855
2014-02-06,1930
2014-02-07,1925
2014-02-10,1920
2014-02-11,1930
2014-02-12,1920
2014-02-13,1870
2014-02-14,1855
2014-02-17,1850
2014-02-18,1860
2014-02-19,1870
2014-02-20,1860
2014-02-21,1865
2014-02-24,1845
2014-02-25,1830
2014-02-26,1840
2014-02-27,1870
2014-02-28,1915
2014-03-03,1870
2014-03-04,1905
2014-03-05,1905
2014-03-06,1905
2014-03-07,1885
2014-03-10,1905
2014-03-11,1910
2014-03-12,1855
2014-03-13,1875
2014-03-14,1850
2014-03-17,1855
2014-03-18,1855
2014-03-19,1875
2014-03-20,1830
2014-03-21,1870
2014-03-24,1855
2014-03-25,1840
2014-03-26,1840
2014-03-27,1870
2014-03-28,1865
2014-04-01,1890
2014-04-02,1890
2014-04-03,1885
2014-04-04,1865
2014-04-07,1880
2014-04-08,1880
2014-04-09,1880
2014-04-10,1865
2014-04-11,1940
2014-04-14,1950
2014-04-15,1915
2014-04-16,1925
2014-04-17,1940
2014-04-21,1945
2014-04-22,1990
2014-04-23,2040
2014-04-24,2015
2014-04-25,2030
2014-04-28,2035
2014-04-29,1960
2014-04-30,1975
2014-05-02,1960
2014-05-05,1935
2014-05-06,1945
2014-05-07,1945
2014-05-08,1950
2014-05-09,1945
2014-05-12,2030
2014-05-13,2075
2014-05-14,2115
2014-05-16,2165
2014-05-19,2185
2014-05-20,2105
2014-05-21,2195
2014-05-22,2280
2014-05-23,2315
2014-05-26,2290
2014-05-28,2230
2014-05-30,2140
2014-06-02,2205
2014-06-03,2255
2014-06-04,2230
2014-06-05,2280
2014-06-06,2280
2014-06-09,2210
2014-06-10,2225
2014-06-11,2250
2014-06-12,2200
2014-06-13,2180
2014-06-16,2095
2014-06-17,2165
2014-06-18,2105
2014-06-19,2160
2014-06-20,2120
2014-06-23,2145
2014-06-24,2085
2014-06-25,2060
2014-06-26,2110
2014-06-27,2125
2014-06-30,2145
2014-07-01,2110
2014-07-02,2150
2014-07-03,2145
2014-07-04,2130
2014-07-07,2240
2014-07-08,2225
2014-07-09,2225
2014-07-10,2245
2014-07-11,2150
2014-07-14,2150
2014-07-15,2150
2014-07-16,2160
2014-07-17,2100
2014-07-18,2115
2014-07-21,2190
2014-07-22,2130
2014-07-23,2150
2014-07-24,2225
2014-07-25,2330
2014-08-04,2500
2014-08-05,2540
2014-08-06,2500
2014-08-07,2575
2014-08-08,2590
2014-08-11,2520
2014-08-12,2480
2014-08-13,2540
2014-08-14,2580
2014-08-15,2555
2014-08-18,2755
2014-08-19,2720
2014-08-20,2730
2014-08-21,2680
2014-08-22,2725
2014-08-25,2655
2014-08-26,2655
2014-08-27,2715
2014-08-28,2720
2014-08-29,2670
2014-09-01,2685
2014-09-02,2710
2014-09-03,2780
2014-09-04,2785
2014-09-05,2775
2014-09-08,2795
2014-09-09,2700
2014-09-10,2615
2014-09-11,2580
2014-09-12,2655
2014-09-15,2625
2014-09-16,2560
2014-09-17,2595
2014-09-18,2595
2014-09-19,2580
2014-09-22,2565
2014-09-23,2675
2014-09-24,2630
2014-09-25,2690
2014-09-26,2620
2014-09-29,2665
2014-09-30,2640
2014-10-01,2600
2014-10-02,2575
2014-10-03,2575
2014-10-06,2560
2014-10-07,2660
2014-10-08,2660
2014-10-09,2600
2014-10-10,2560
2014-10-13,2435
2014-10-14,2395
2014-10-15,2275
2014-10-16,2395
2014-10-17,2530
2014-10-20,2460
2014-10-21,2415
2014-10-22,2500
2014-10-23,2490
2014-10-24,2455
2014-10-27,2465
2014-10-28,2375
2014-10-29,2510
2014-10-30,2525
2014-10-31,2590
2014-11-03,2560
2014-11-04,2535
2014-11-05,2535
2014-11-06,2515
2014-11-07,2510
2014-11-10,2530
2014-11-11,2575
2014-11-12,2520
2014-11-13,2470
2014-11-14,2395
2014-11-17,2460
2014-11-18,2470
2014-11-19,2460
2014-11-20,2490
2014-11-21,2560
2014-11-24,2660
2014-11-25,2590
2014-11-26,2640
2014-11-27,2675
2014-11-28,2630
2014-12-01,2620
2014-12-02,2565
2014-12-03,2580
2014-12-04,2700
2014-12-05,2675
2014-12-08,2620
2014-12-09,2650
2014-12-10,2630
2014-12-11,2660
2014-12-12,2590
2014-12-15,2555
2014-12-16,2480
2014-12-17,2590
2014-12-18,2670
2014-12-19,2600
2014-12-22,2550
2014-12-23,2505
2014-12-24,2525
2014-12-29,2505
2014-12-30,2500
2015-01-02,2475
2015-01-05,2470
2015-01-06,2415
2015-01-07,2420
2015-01-08,2360
2015-01-09,2360
2015-01-12,2305
2015-01-13,2240
2015-01-14,2240
2015-01-15,2240
2015-01-16,2145
2015-01-19,2080
2015-01-20,2145
2015-01-21,2230
2015-01-22,2350
2015-01-23,2325
2015-01-26,2245
2015-01-27,2280
2015-01-28,2305
2015-01-29,2265
2015-01-30,2275
2015-02-02,2275
2015-02-03,2285
2015-02-04,2300
2015-02-05,2275
2015-02-06,2320
2015-02-09,2280
2015-02-10,2235
2015-02-11,2205
2015-02-12,2245
2015-02-13,2295
2015-02-16,2230
2015-02-17,2215
2015-02-18,2175
2015-02-20,2120
2015-02-23,2095
2015-02-24,2080
2015-02-25,2085
2015-02-26,2085
2015-02-27,2135
2015-03-02,2200
2015-03-03,2205
2015-03-04,2160
2015-03-05,2165
2015-03-06,2185
2015-03-09,2155
2015-03-10,2120
2015-03-11,2045
2015-03-12,2130
2015-03-13,2085
2015-03-16,2045
2015-03-17,2065
2015-03-18,2070
2015-03-19,2090
2015-03-20,2070
2015-03-23,2095
2015-03-24,2110
2015-03-25,2060
2015-03-26,2050
2015-03-27,2100
2015-03-30,2140
2015-03-31,2150
2015-04-01,2140
2015-04-02,2180
2015-04-06,2220
2015-04-07,2215
2015-04-08,2155
2015-04-09,2150
2015-04-10,2140
2015-04-13,2090
2015-04-14,2080
2015-04-15,2130
2015-04-16,2150
2015-04-17,2150
2015-04-20,2120
2015-04-21,2110
2015-04-22,2125
2015-04-23,2080
2015-04-24,2105
2015-04-27,2000
2015-04-28,2015
2015-04-29,1945
2015-04-30,1870
2015-05-04,1870
2015-05-05,1880
2015-05-06,1870
2015-05-07,1840
2015-05-08,1930
2015-05-11,1990
2015-05-12,2000
2015-05-13,2060
2015-05-15,2110
2015-05-18,2090
2015-05-19,2085
2015-05-20,2160
2015-05-21,2165
2015-05-22,2110
2015-05-25,2075
2015-05-26,2110
2015-05-27,2055
2015-05-28,2025
2015-05-29,1965
2015-06-01,1945
2015-06-03,1935
2015-06-04,1925
2015-06-05,1885
2015-06-08,1885
2015-06-09,1825
2015-06-10,1810
2015-06-11,1820
2015-06-12,1830
2015-06-15,1815
2015-06-16,1850
2015-06-17,1830
2015-06-18,1810
2015-06-19,1805
2015-06-22,1800
2015-06-23,1790
2015-06-24,1805
2015-06-25,1740
2015-06-26,1700
2015-06-29,1675
2015-06-30,1680
2015-07-01,1660
2015-07-02,1650
2015-07-03,1655
2015-07-06,1640
2015-07-07,1595
2015-07-08,1510
2015-07-09,1425
2015-07-10,1450
2015-07-13,1410
2015-07-14,1350
2015-07-15,1295
2015-07-22,1300
2015-07-23,1320
2015-07-24,1265
2015-07-27,1255
2015-07-28,1285
2015-07-29,1250
2015-07-30,1240
2015-07-31,1200
2015-08-03,1190
2015-08-04,1250
2015-08-05,1310
2015-08-06,1250
2015-08-07,1240
2015-08-10,1200
2015-08-11,1125
2015-08-12,1040
2015-08-13,1060
2015-08-14,1035
2015-08-18,1050
2015-08-19,1055
2015-08-20,1060
2015-08-21,1115
2015-08-24,1065
2015-08-25,1095
2015-08-26,1110
2015-08-27,1145
2015-08-28,1190
2015-08-31,1170
2015-09-01,1230
2015-09-02,1200
2015-09-03,1215
2015-09-04,1200
2015-09-07,1170
2015-09-08,1165
2015-09-09,1160
2015-09-10,1115
2015-09-11,1130
2015-09-14,1125
2015-09-15,1125
2015-09-16,1130
2015-09-17,1135
2015-09-18,1150
2015-09-21,1125
2015-09-22,1115
2015-09-23,1115
2015-09-25,1110
2015-09-28,1115
2015-09-29,1120
2015-09-30,1125
2015-10-01,1125
2015-10-02,1115
2015-10-05,1140
2015-10-06,1120
2015-10-07,1195
2015-10-08,1200
2015-10-09,1290
2015-10-12,1325
2015-10-13,1255
2015-10-15,1320
2015-10-16,1290
2015-10-19,1325
2015-10-20,1460
2015-10-21,1445
2015-10-22,1400
2015-10-23,1450
2015-10-26,1465
2015-10-27,1490
2015-10-28,1470
2015-10-29,1455
2015-10-30,1460
2015-11-02,1455
2015-11-03,1490
2015-11-04,1555
2015-11-05,1530
2015-11-06,1495
2015-11-09,1500
2015-11-10,1465
2015-11-11,1385
2015-11-12,1395
2015-11-13,1275
2015-11-16,1205
2015-11-17,1185
2015-11-18,1225
2015-11-19,1220
2015-11-20,1205
2015-11-23,1190
2015-11-24,1155
2015-11-25,1180
2015-11-26,1180
2015-11-27,1175
2015-11-30,1120
2015-12-01,1145
2015-12-02,1110
2015-12-03,1040
2015-12-04,1035
2015-12-07,1025
2015-12-08,966
2015-12-09,966
2015-12-10,928
2015-12-11,901
2015-12-14,863
2015-12-15,926
2015-12-16,942
2015-12-17,948
2015-12-18,956
2015-12-21,920
2015-12-22,930
2015-12-23,915
2015-12-28,912
2015-12-29,916
2015-12-30,905
2016-01-04,867
2016-01-05,902
2016-01-06,902
2016-01-07,869
2016-01-08,861
2016-01-11,881
2016-01-12,882
2016-01-13,905
2016-01-14,899
2016-01-15,893
2016-01-18,877
2016-01-19,860
2016-01-20,852
2016-01-21,833
2016-01-22,887
2016-01-25,894
2016-01-26,855
2016-01-27,847
2016-01-28,864
2016-01-29,890
2016-02-01,874
2016-02-02,880
2016-02-03,880
2016-02-04,894
2016-02-05,902
2016-02-09,888
2016-02-10,877
2016-02-11,889
2016-02-12,881
2016-02-15,894
2016-02-16,882
2016-02-17,872
2016-02-18,917
2016-02-19,934
2016-02-22,1065
2016-02-23,1040
2016-02-24,983
2016-02-25,953
2016-02-26,1020
2016-02-29,1015
2016-03-01,1045
2016-03-02,1105
2016-03-03,1145
2016-03-04,1160
2016-03-07,1295
2016-03-08,1325
2016-03-10,1255
2016-03-11,1255
2016-03-14,1255
2016-03-15,1230
2016-03-16,1270
2016-03-17,1400
2016-03-18,1315
2016-03-21,1365
2016-03-22,1360
2016-03-23,1350
2016-03-24,1300
2016-03-28,1310
2016-03-29,1275
2016-03-30,1285
2016-03-31,1255
2016-04-01,1240
2016-04-04,1290
2016-04-05,1245
2016-04-06,1330
2016-04-07,1310
2016-04-08,1310
2016-04-11,1310
2016-04-12,1385
2016-04-13,1385
2016-04-14,1385
2016-04-15,1385
2016-04-18,1385
2016-04-19,1385
2016-04-20,1520
2016-04-21,1540
2016-04-22,1500
2016-04-25,1500
2016-04-26,1465
2016-04-27,1475
2016-04-28,1430
2016-04-29,1410
2016-05-02,1410
2016-05-03,1375
2016-05-04,1320
2016-05-09,1300
2016-05-10,1260
2016-05-11,1310
2016-05-12,1310
2016-05-13,1265
2016-05-16,1275
2016-05-17,1315
2016-05-18,1300
2016-05-19,1265
2016-05-20,1260
2016-05-23,1285
2016-05-24,1255
2016-05-25,1295
2016-05-26,1330
2016-05-27,1335
2016-05-30,1335
2016-05-31,1275
2016-06-01,1310
2016-06-02,1395
2016-06-03,1425
2016-06-06,1480
2016-06-07,1565
2016-06-08,1530
2016-06-09,1595
2016-06-10,1560
2016-06-13,1525
2016-06-14,1480
2016-06-15,1525
2016-06-16,1485
2016-06-17,1505
2016-06-20,1600
2016-06-21,1640
2016-06-22,1610
2016-06-23,1590
2016-06-24,1565
2016-06-27,1550
2016-06-28,1535
2016-06-29,1555
2016-06-30,1540
2016-07-01,1580
2016-07-11,1655
2016-07-12,1725
2016-07-13,1930
2016-07-14,1865
2016-07-15,1925
2016-07-18,2000
2016-07-19,1960
2016-07-20,2000
2016-07-21,1945
2016-07-22,1935
2016-07-25,2010
2016-07-26,1975
2016-07-27,1980
2016-07-28,2045
2016-07-29,1970
2016-08-01,1965
2016-08-02,2000
2016-08-03,2060
2016-08-04,2135
2016-08-05,2070
2016-08-08,2050
2016-08-09,2075
2016-08-10,2030
2016-08-11,2000
2016-08-12,2000
2016-08-15,1970
2016-08-16,2015
2016-08-18,2075
2016-08-19,2015
2016-08-22,1985
2016-08-23,1980
2016-08-24,1960
2016-08-25,1955
2016-08-26,1935
2016-08-29,1870
2016-08-30,1895
2016-08-31,1985
2016-09-01,1960
2016-09-02,1940
2016-09-05,2000
2016-09-06,2020
2016-09-07,2075
2016-09-08,2020
2016-09-09,2025
2016-09-13,1905
2016-09-14,1850
2016-09-15,1930
2016-09-16,1920
2016-09-19,1935
2016-09-20,1895
2016-09-21,1955
2016-09-22,1970
2016-09-23,2005
2016-09-26,1970
2016-09-27,1960
2016-09-28,1940
2016-09-29,2005
2016-09-30,1925
2016-10-03,1990
2016-10-04,2055
2016-10-05,2050
2016-10-06,2130
2016-10-07,2170
2016-10-10,2240
2016-10-11,2335
2016-10-12,2325
2016-10-13,2320
2016-10-14,2340
2016-10-17,2485
2016-10-18,2440
2016-10-19,2505
2016-10-20,2500
2016-10-21,2400
2016-10-24,2435
2016-10-25,2455
2016-10-26,2535
2016-10-27,2500
2016-10-28,2405
2016-10-31,2380
2016-11-01,2535
2016-11-02,2535
2016-11-03,2360
2016-11-04,2495
2016-11-07,2610
2016-11-08,2575
2016-11-09,2575
2016-11-10,2680
2016-11-11,2720
2016-11-14,2565
2016-11-15,2295
2016-11-16,2505
2016-11-17,2385
2016-11-18,2225
2016-11-21,2225
2016-11-22,2310
2016-11-23,2380
2016-11-24,2285
2016-11-25,2360
2016-11-28,2310
2016-11-29,2310
2016-11-30,2360
2016-12-01,2425
2016-12-02,2460
2016-12-05,2695
2016-12-06,2610
2016-12-07,2555
2016-12-08,2520
2016-12-09,2540
2016-12-13,2525
2016-12-14,2520
2016-12-15,2540
2016-12-16,2500
2016-12-19,2460
2016-12-20,2420
2016-12-21,2435
2016-12-22,2435
2016-12-23,2360
2016-12-27,2420
2016-12-28,2430
2016-12-29,2500
2016-12-30,2500
2017-01-02,2500
2017-01-03,2555
2017-01-04,2475
2017-01-05,2410
2017-01-06,2455
2017-01-09,2405
2017-01-10,2410
2017-01-11,2420
2017-01-12,2440
2017-01-13,2455
2017-01-16,2440
2017-01-17,2415
2017-01-18,2410
2017-01-19,2405
2017-01-20,2360
2017-01-23,2340
2017-01-24,2260
2017-01-25,2195
2017-01-26,2160
2017-01-27,2165
2017-01-30,2265
2017-01-31,2320
2017-02-01,2340
2017-02-02,2320
2017-02-03,2350
2017-02-06,2240
2017-02-07,2200
2017-02-08,2280
2017-02-09,2215
2017-02-10,2200
2017-02-13,2215
2017-02-14,2185
2017-02-15,2185
2017-02-16,2150
2017-02-17,2135
2017-02-20,2220
2017-02-21,2250
2017-02-22,2240
2017-02-23,2260
2017-02-24,2230
2017-02-27,2205
2017-02-28,2235
2017-03-01,2225
2017-03-02,2240
2017-03-03,2195
2017-03-06,2150
2017-03-07,2190
2017-03-08,2160
2017-03-09,2170
2017-03-10,2075
2017-03-13,2080
2017-03-14,2160
2017-03-15,2190
2017-03-16,2280
2017-03-17,2285
2017-03-20,2265
2017-03-21,2295
2017-03-22,2315
2017-03-23,2325
2017-03-24,2365
2017-03-27,2350
2017-03-29,2450
2017-03-30,2585
2017-03-31,2640
2017-04-03,2640
2017-04-04,2770
2017-04-05,2770
2017-04-06,2570
2017-04-07,2620
2017-04-10,2605
2017-04-11,2595
2017-04-12,2395
2017-04-13,2500
2017-04-17,2565
2017-04-18,2520
2017-04-19,2520
2017-04-20,2520
2017-04-21,2490
2017-04-25,2535
2017-04-26,2535
2017-04-27,2570
2017-04-28,2535
2017-05-02,2470
2017-05-03,2475
2017-05-04,2375
2017-05-05,2300
2017-05-08,2330
2017-05-09,2275
2017-05-10,2170
2017-05-12,2195
2017-05-15,2175
2017-05-16,2170
2017-05-17,2115
2017-05-18,2120
2017-05-19,2160
2017-05-22,2150
2017-05-23,2155
2017-05-24,2150
2017-05-26,2150
2017-05-29,2145
2017-05-30,2130
2017-05-31,2180
2017-06-01,2180
2017-06-02,2160
2017-06-05,2165
2017-06-06,2210
2017-06-07,2275
2017-06-08,2240
2017-06-09,2250
2017-06-12,2210
2017-06-13,2240
2017-06-14,2310
2017-06-15,2280
2017-06-16,2280
2017-06-19,2285
2017-06-20,2370
2017-06-21,2370
2017-06-22,2390
2017-06-23,2390
2017-06-26,2390
2017-06-27,2390
2017-06-28,2390
2017-06-29,2390
2017-06-30,2390
2017-07-03,2410
2017-07-04,2480
2017-07-05,2420
2017-07-06,2450
2017-07-07,2480
2017-07-10,2480
2017-07-11,2410
2017-07-12,2500
2017-07-13,2480
2017-07-14,2500
2017-07-17,2590
2017-07-18,2575
2017-07-19,2640
2017-07-20,2660
2017-07-21,2630
2017-07-24,2600
2017-07-25,2620
2017-07-26,2590
2017-07-27,2595
2017-07-28,2635
2017-07-31,2620
2017-08-01,2675
2017-08-02,2690
2017-08-03,2665
2017-08-04,2705
2017-08-07,2750
2017-08-08,2710
2017-08-09,2620
2017-08-10,2695
2017-08-11,2660
2017-08-14,2645
2017-08-15,2630
2017-08-16,2630
2017-08-17,2630
2017-08-18,2630
2017-08-21,2580
2017-08-22,2620
2017-08-23,2630
2017-08-24,2640
2017-08-25,2620
2017-08-28,2575
2017-08-29,2595
2017-08-30,2485
2017-08-31,2475
2017-09-01,2475
2017-09-04,2340
2017-09-05,2430
2017-09-06,2455
2017-09-07,2420
2017-09-08,2475
2017-09-11,2470
2017-09-12,2435
2017-09-13,2015
2017-09-14,1995
2017-09-15,1925
2017-09-18,2075
2017-09-19,2090
2017-09-20,2085
2017-09-21,2085
2017-09-22,2055
2017-09-25,1995
2017-09-26,1980
2017-09-27,1845
2017-09-28,2000
2017-09-29,2090
2017-10-02,2010
2017-10-03,2120
2017-10-04,2130
2017-10-05,2165
2017-10-06,2220
2017-10-09,2200
2017-10-10,2170
2017-10-11,2255
2017-10-12,2240
2017-10-13,2215
2017-10-16,2130
2017-10-17,2150
2017-10-18,2185
2017-10-19,2200
2017-10-20,2120
2017-10-23,2140
2017-10-24,2160
2017-10-25,2145
2017-10-26,2205
2017-10-27,2185
2017-10-30,2285
2017-10-31,2295
2017-11-01,2335
2017-11-02,2315
2017-11-03,2310
2017-11-06,2280
2017-11-07,2410
2017-11-08,2350
2017-11-09,2360
2017-11-10,2375
2017-11-13,2400
2017-11-14,2360
2017-11-15,2245
2017-11-16,2225
2017-11-17,2240
2017-11-20,2235
2017-11-21,2155
2017-11-22,2210
2017-11-23,2180
2017-11-24,2160
2017-11-27,2180
2017-11-28,2170
2017-11-29,2250
2017-11-30,2250
2017-12-01,2250
2017-12-04,2295
2017-12-05,2240
2017-12-06,2220
2017-12-07,2190
2017-12-08,2210
2017-12-11,2185
2017-12-12,2200
2017-12-13,2240
2017-12-14,2240
2017-12-15,2280
2017-12-18,2260
2017-12-19,2460
2017-12-20,2460
2017-12-21,2550
2017-12-22,2520
2017-12-25,2520
2017-12-26,2520
2017-12-27,2510
2017-12-28,2500
2017-12-29,2460
2018-01-01,2460
2018-01-02,2500
2018-01-03,2440
2018-01-04,2480
2018-01-05,2610
2018-01-08,2670
2018-01-09,2730
2018-01-10,2720
2018-01-11,2800
2018-01-12,2890
2018-01-15,3030
2018-01-16,3060
2018-01-17,3020
2018-01-18,3040
2018-01-19,3120
2018-01-22,3300
2018-01-23,3320
2018-01-24,3330
2018-01-25,3340
2018-01-26,3330
2018-01-29,3430
2018-01-30,3400
2018-01-31,3400
2018-02-01,3340
2018-02-02,3300
2018-02-05,3300
2018-02-06,3170
2018-02-07,3170
2018-02-08,3130
2018-02-09,3050
2018-02-12,3090
2018-02-13,3270
2018-02-14,3230
2018-02-15,3240
2018-02-16,3240
2018-02-19,3320
2018-02-20,3330
2018-02-21,3380
2018-02-22,3360
2018-02-23,3400
2018-02-26,3240
2018-02-27,3110
2018-02-28,3170
2018-03-01,3170
2018-03-02,3070
2018-03-05,3090
2018-03-06,3050
2018-03-07,2930
2018-03-08,2800
2018-03-09,2890
2018-03-12,3000
2018-03-13,2930
2018-03-14,2850
2018-03-15,2790
2018-03-16,2810
2018-03-19,2840
2018-03-20,2870
2018-03-21,2880
2018-03-22,2890
2018-03-23,2890
2018-03-26,2930
2018-03-27,2950
2018-03-28,2910
2018-03-29,2940
2018-03-30,2940
2018-04-02,3060
2018-04-03,3090
2018-04-04,3050
2018-04-05,3230
2018-04-06,3180
2018-04-09,3210
2018-04-10,3300
2018-04-11,3420
2018-04-12,3420
2018-04-13,3430
2018-04-16,3430
2018-04-17,3430
2018-04-18,3480
2018-04-19,3480
2018-04-20,3480
2018-04-23,3350
2018-04-24,3330
2018-04-25,3330
2018-04-26,3330
2018-04-27,3330
2018-04-30,3240
2018-05-01,3240
2018-05-02,3430
2018-05-03,3280
2018-05-04,3350
2018-05-07,3270
2018-05-08,3260
2018-05-09,3430
2018-05-10,3430
2018-05-11,3450
2018-05-14,3560
2018-05-15,3530
2018-05-16,3500
2018-05-17,3550
2018-05-18,3690
2018-05-21,3830
2018-05-22,3790
2018-05-23,3770
2018-05-24,3760
2018-05-25,3750
2018-05-28,3660
2018-05-29,3660
2018-05-30,3780
2018-05-31,3800
2018-06-01,3800
2018-06-04,3960
2018-06-05,4000
2018-06-06,3910
2018-06-07,3940
2018-06-08,4070
2018-06-11,4070
2018-06-12,4070
2018-06-13,4070
2018-06-14,4070
2018-06-15,4070
2018-06-18,4070
2018-06-19,4070
2018-06-20,4240
2018-06-21,4100
2018-06-22,4150
2018-06-25,4130
2018-06-26,4100
2018-06-27,4040
2018-06-28,3840
2018-06-29,3970
2018-07-02,4000
2018-07-03,4000
2018-07-04,4000
2018-07-05,4000
2018-07-06,3950
2018-07-09,4000
2018-07-10,3990
2018-07-11,4070
2018-07-12,4230
2018-07-13,4170
2018-07-16,4240
2018-07-17,4380
2018-07-18,4330
2018-07-19,4400
2018-07-20,4260
2018-07-23,4310
2018-07-24,4240
2018-07-25,4320
2018-07-26,4430
2018-07-27,4600
2018-07-30,4360
2018-07-31,4480
2018-08-01,4540
2018-08-02,4490
2018-08-03,4500
2018-08-06,4580
2018-08-07,4780
2018-08-08,4810
2018-08-09,4800
2018-08-10,4890
2018-08-13,4850
2018-08-14,4160
2018-08-15,4030
2018-08-16,4120
2018-08-17,4120
2018-08-20,4260
2018-08-21,4120
2018-08-22,4120
2018-08-23,4040
2018-08-24,4070
2018-08-27,4060
2018-08-28,4140
2018-08-29,4150
2018-08-30,4160
2018-08-31,4050
2018-09-03,4100
2018-09-04,4000
2018-09-05,3790
2018-09-06,3810
2018-09-07,3770
2018-09-10,3720
2018-09-11,3720
2018-09-12,3940
2018-09-13,3970
2018-09-14,3970
2018-09-17,3930
2018-09-18,4130
2018-09-19,4140
2018-09-20,4160
2018-09-21,4170
2018-09-24,4120
2018-09-25,4130
2018-09-26,4110
2018-09-27,4160
2018-09-28,4320
2018-10-01,4400
2018-10-02,4590
2018-10-03,4660
2018-10-04,4710
2018-10-05,4740
2018-10-08,4690
2018-10-09,4500
2018-10-10,4540
2018-10-11,4470
2018-10-12,4560
2018-10-15,4440
2018-10-16,4390
2018-10-17,4500
2018-10-18,4490
2018-10-19,4540
2018-10-22,4610
2018-10-23,4510
2018-10-24,4300
2018-10-25,4490
2018-10-26,4250
2018-10-29,4190
2018-10-30,4190
2018-10-31,4250
2018-11-01,4230
2018-11-02,4200
2018-11-05,4390
2018-11-06,4450
2018-11-07,4470
2018-11-08,4470
2018-11-09,4330
2018-11-12,4420
2018-11-13,4650
2018-11-14,4880
2018-11-15,4700
2018-11-16,4740
2018-11-19,4660
2018-11-20,4660
2018-11-21,4350
2018-11-22,4220
2018-11-23,4310
2018-11-26,3940
2018-11-27,3870
2018-11-28,3990
2018-11-29,4140
2018-11-30,4020
2018-12-03,3960
2018-12-04,4000
2018-12-05,3950
2018-12-06,4080
2018-12-07,3990
2018-12-10,4020
2018-12-11,4280
2018-12-12,4310
2018-12-13,4500
2018-12-14,4460
2018-12-17,4390
2018-12-18,4230
2018-12-19,4220
2018-12-20,4270
2018-12-21,4230
2018-12-24,4230
2018-12-25,4230
2018-12-26,4290
2018-12-27,4290
2018-12-28,4300
2018-12-31,4300
2019-01-01,4300
2019-01-02,4240
2019-01-03,4160
2019-01-04,4380
2019-01-07,4400
2019-01-08,4370
2019-01-09,4330
2019-01-10,4290
2019-01-11,4330
2019-01-14,4390
2019-01-15,4380
2019-01-16,4380
2019-01-17,4450
2019-01-18,4470
2019-01-21,4470
2019-01-22,4420
2019-01-23,4390
2019-01-24,4390
2019-01-25,4370
2019-01-28,4350
2019-01-29,4380
2019-01-30,4300
2019-01-31,4310
2019-02-01,4320
2019-02-04,4240
2019-02-05,4240
2019-02-06,4290
2019-02-07,4310
2019-02-08,4300
2019-02-11,4260
2019-02-12,4190
2019-02-13,4120
2019-02-14,4050
2019-02-15,3980
2019-02-18,3980
2019-02-19,4200
2019-02-20,4160
2019-02-21,4200
2019-02-22,4130
2019-02-25,4130
2019-02-26,4150
2019-02-27,4100
2019-02-28,3980
2019-03-01,4040
2019-03-04,4060
2019-03-05,3970
2019-03-06,4040
2019-03-07,4040
2019-03-08,4000
2019-03-11,4020
2019-03-12,3990
2019-03-13,4020
2019-03-14,4020
2019-03-15,4050
2019-03-18,4050
2019-03-19,4020
2019-03-20,4020
2019-03-21,4040
2019-03-22,4080
2019-03-25,4140
2019-03-26,4240
2019-03-27,4120
2019-03-28,4160
2019-03-29,4210
2019-04-01,4200
2019-04-02,4170
2019-04-03,4170
2019-04-04,4040
2019-04-05,4020
2019-04-08,4040
2019-04-09,4070
2019-04-10,4010
2019-04-11,4010
2019-04-12,4030
2019-04-15,3970
2019-04-16,3980
2019-04-17,3980
2019-04-18,3950
2019-04-19,3950
2019-04-22,4050
2019-04-23,4050
2019-04-24,4130
2019-04-25,4030
2019-04-26,4020
2019-04-29,3950
2019-04-30,3960
2019-05-01,3960
2019-05-02,3940
2019-05-03,3790
2019-05-06,3790
2019-05-07,3400
2019-05-08,3190
2019-05-09,3110
2019-05-10,3080
2019-05-13,2940
2019-05-14,3050
2019-05-15,2900
2019-05-16,2810
2019-05-17,2750
2019-05-20,2810
2019-05-21,2810
2019-05-22,2850
2019-05-23,2880
2019-05-24,2880
2019-05-27,2880
2019-05-28,3000
2019-05-29,3000
2019-05-30,3000
2019-05-31,3060
2019-06-03,3060
2019-06-04,3060
2019-06-05,3060
2019-06-06,3060
2019-06-07,3060
2019-06-10,2940
2019-06-11,2930
2019-06-12,2880
2019-06-13,2840
2019-06-14,2830
2019-06-17,2820
2019-06-18,2880
2019-06-19,NA
2019-06-20,2920
2019-06-21,2900
2019-06-24,2880
2019-06-25,3060
2019-06-26,2990
2019-06-27,2960
2019-06-28,2960
2019-07-01,3060
2019-07-02,3020
2019-07-03,3000
2019-07-04,3050
2019-07-05,3050
2019-07-08,2980
2019-07-09,2930
2019-07-10,2940
2019-07-11,2910
2019-07-12,2840
2019-07-15,2840
2019-07-16,2840
2019-07-17,2820
2019-07-18,2870
2019-07-19,2880
2019-07-22,2840
2019-07-23,2830
2019-07-24,2780
2019-07-25,2790
2019-07-26,2750
2019-07-29,2700
2019-07-30,2730
2019-07-31,2740
2019-08-01,2730
2019-08-02,2690
2019-08-05,2620
2019-08-06,2550
2019-08-07,2560
2019-08-08,2570
2019-08-09,2540
2019-08-12,2480
2019-08-13,2420
2019-08-14,2430
2019-08-15,2380
2019-08-16,2440
2019-08-19,2450
2019-08-20,2460
2019-08-21,2420
2019-08-22,2420
2019-08-23,2490
2019-08-26,2410
2019-08-27,2420
2019-08-28,2410
2019-08-29,2410
2019-08-30,2470
2019-09-02,2420
2019-09-03,2440
2019-09-04,2440
2019-09-05,2470
2019-09-06,2600
2019-09-09,2700
2019-09-10,2650
2019-09-11,2690
2019-09-12,2620
2019-09-13,2560
2019-09-16,2580
2019-09-17,2570
2019-09-18,2550
2019-09-19,2460
2019-09-20,2470
2019-09-23,2400
2019-09-24,2320
2019-09-25,2300
2019-09-26,2300
2019-09-27,2300
2019-09-30,2260
2019-10-01,2280
2019-10-02,2240
2019-10-03,2240
2019-10-04,2200
2019-10-07,2150
2019-10-08,2230
2019-10-09,2240
2019-10-10,2260
2019-10-11,2270
2019-10-14,2250
2019-10-15,2260
2019-10-16,2260
2019-10-17,2220
2019-10-18,2350
2019-10-21,2350
2019-10-22,2360
2019-10-23,2450
2019-10-24,2410
2019-10-25,2350
2019-10-28,2370
2019-10-29,2350
2019-10-30,2340
2019-10-31,2250
2019-11-01,2190
2019-11-04,2300
2019-11-05,2430
2019-11-06,2460
2019-11-07,2390
2019-11-08,2580
2019-11-11,2600
2019-11-12,2620
2019-11-13,2550
2019-11-14,2460
2019-11-15,2510
2019-11-18,2510
2019-11-19,2480
2019-11-20,2450
2019-11-21,2380
2019-11-22,2430
2019-11-25,2500
2019-11-26,2630
2019-11-27,2580
2019-11-28,2470
2019-11-29,2420
2019-12-02,2530
2019-12-03,2500
2019-12-04,2460
2019-12-05,2560
2019-12-06,2550
2019-12-09,2590
2019-12-10,2550
2019-12-11,2520
2019-12-12,2470
2019-12-13,2580
2019-12-16,2690
2019-12-17,2650
2019-12-18,2670
2019-12-19,2650
2019-12-20,2600
2019-12-23,2610
2019-12-26,2640
2019-12-27,2650
2019-12-30,2660
