"family","n","alpha_true","parameter","true","bias","bias_mcse","mse","coverage","coverage_mcse","prop_rhat_ok","median_ess_bulk","n_rep"
"msnburr",50,0.5,"alpha",0.5,0.057760960993467,0.102557017048635,0.024372212106717,1,0,1,799.22824273097,3
"msnburr",50,0.5,"mu",0,-0.0806566796684793,0.0637407800905987,0.0146312740682598,1,0,1,612.904427037401,3
"msnburr",50,0.5,"sigma",1,-0.128804179712345,0.0235776608141515,0.0177023288903044,1,0,1,1139.50794509633,3
"msnburr",50,1,"alpha",1,0.126820699290946,0.197061525130963,0.0937499791425266,1,0,1,921.864989892295,3
"msnburr",50,1,"mu",0,0.0193926835554642,0.00630435267435225,0.000455565900767598,1,0,1,672.129838383222,3
"msnburr",50,1,"sigma",1,0.149746599456273,0.104581734656565,0.0442987224962698,1,0,1,1418.77281570369,3
"msnburr",50,3,"alpha",3,-0.640912692377971,0.320991193840523,0.616839772297508,1,0,1,1278.7945535549,3
"msnburr",50,3,"mu",0,0.0387358796040385,0.0491331816878533,0.00632860745424177,1,0,1,827.251171352855,3
"msnburr",50,3,"sigma",1,0.0947221592597406,0.0285179448766923,0.0105988338148078,1,0,1,1631.33262116139,3
"msnburr",200,0.5,"alpha",0.5,0.0724400406262293,0.0656638112986151,0.01387103171445,1,0,1,1058.06626769063,3
"msnburr",200,0.5,"mu",0,-0.0569633343849669,0.0769572460258394,0.0150896568960167,1,0,0.666666666666667,713.873912356358,3
"msnburr",200,0.5,"sigma",1,-0.00287456808759094,0.0660178919672529,0.00872498726128994,1,0,1,1487.06314454812,3
"msnburr",200,1,"alpha",1,0.109674676965326,0.0602530464041871,0.0192893939694189,1,0,1,1347.72928027985,3
"msnburr",200,1,"mu",0,-0.0880546728084739,0.0390477696322912,0.0108030820299204,1,0,0.666666666666667,858.588242188448,3
"msnburr",200,1,"sigma",1,0.0182734063720701,0.0298495492581977,0.00211590856227395,1,0,1,1595.64656570697,3
"msnburr",200,3,"alpha",3,-0.219685120406408,0.682449770046155,0.979736929400077,1,0,1,1284.24325747817,3
"msnburr",200,3,"mu",0,0.0973906474998275,0.124040219226784,0.0402568901920931,0.666666666666667,0.272165526975909,1,794.242172392173,3
"msnburr",200,3,"sigma",1,0.0103192037480712,0.0913743340555768,0.0168050238141945,0.333333333333333,0.272165526975909,1,1742.71827144946,3
"msnburr2a",50,0.5,"alpha",0.5,0.369989758639219,0.180323322553246,0.201925422811192,1,0,1,920.322345941603,3
"msnburr2a",50,0.5,"mu",0,0.123580472157052,0.0367129277400427,0.0179678112250512,1,0,1,718.641231127561,3
"msnburr2a",50,0.5,"sigma",1,0.0161145857500527,0.0495685306025486,0.0051737583260874,1,0,1,1384.27085075795,3
"msnburr2a",50,1,"alpha",1,0.386415975849832,0.20629226475093,0.234430303384113,1,0,1,1205.09982073785,3
"msnburr2a",50,1,"mu",0,0.139299963413181,0.0236275664248761,0.0205210035972374,1,0,1,817.166531676513,3
"msnburr2a",50,1,"sigma",1,0.0417383720028951,0.0617070146147454,0.00935760300278085,1,0,1,1604.74268287927,3
"msnburr2a",50,3,"alpha",3,0.0746393108848989,1.07528663858994,2.31805373698946,1,0,1,1398.59878195971,3
"msnburr2a",50,3,"mu",0,-0.0980065638309386,0.0961315301262982,0.0280878287227946,1,0,1,941.28913227595,3
"msnburr2a",50,3,"sigma",1,-0.0185427944469583,0.0295534824763324,0.00209065187885993,1,0,1,1572.61455695106,3
"msnburr2a",200,0.5,"alpha",0.5,0.143310029160007,0.0885271383657357,0.0362118729122944,1,0,1,1003.56760522629,3
"msnburr2a",200,0.5,"mu",0,0.055196847349591,0.00702423193658409,0.00314537162593191,1,0,0.666666666666667,632.163386959639,3
"msnburr2a",200,0.5,"sigma",1,-0.0280812875818218,0.0219496688559777,0.00175213463802713,1,0,1,1596.34239279892,3
"msnburr2a",200,1,"alpha",1,0.073720189507225,0.289952113820623,0.173579122959077,1,0,1,1164.42258924732,3
"msnburr2a",200,1,"mu",0,0.0514049536213471,0.0494124873963863,0.00752565707820893,1,0,1,779.766838277937,3
"msnburr2a",200,1,"sigma",1,-0.0501122075868095,0.0269480229805638,0.00396362523434548,1,0,1,1540.71022799618,3
"msnburr2a",200,3,"alpha",3,1.33390938809486,2.14443706721507,10.9765349261395,1,0,1,1034.9252514208,3
"msnburr2a",200,3,"mu",0,0.00364665038336898,0.0568790655696015,0.00648375425916058,1,0,1,762.746504237716,3
"msnburr2a",200,3,"sigma",1,-0.0426556454491713,0.0198055188771741,0.0026040212446736,1,0,1,1658.23628646593,3
